mean_fit_time,std_fit_time,mean_score_time,std_score_time,param_C,param_max_iter,param_n_jobs,param_penalty,param_solver,params,split0_test_score,split1_test_score,split2_test_score,split3_test_score,split4_test_score,mean_test_score,std_test_score,rank_test_score
0.019022655487060548,0.0006279871222565873,0.0038779735565185546,0.00033523743321406114,0.0001,100,-1,l2,lbfgs,"{'C': np.float64(0.0001), 'max_iter': 100, 'n_jobs': -1, 'penalty': 'l2', 'solver': 'lbfgs'}",,,,,,,,1
0.017680263519287108,0.0011593354546050394,0.0043049812316894535,0.0005545612172841214,0.0001,100,-1,l2,newton-cg,"{'C': np.float64(0.0001), 'max_iter': 100, 'n_jobs': -1, 'penalty': 'l2', 'solver': 'newton-cg'}",,,,,,,,1
0.021225118637084962,0.0014147286267398597,0.003698253631591797,0.00018902276040477293,0.0001,100,-1,l2,newton-cholesky,"{'C': np.float64(0.0001), 'max_iter': 100, 'n_jobs': -1, 'penalty': 'l2', 'solver': 'newton-cholesky'}",,,,,,,,1
0.004045295715332031,0.0004202582429374631,0.0035074710845947265,0.00032303810415250205,0.0001,100,-1,l2,liblinear,"{'C': np.float64(0.0001), 'max_iter': 100, 'n_jobs': -1, 'penalty': 'l2', 'solver': 'liblinear'}",,,,,,,,1
0.019692754745483397,0.0022804939645006245,0.004248666763305664,0.0005531511508663033,0.0001,100,-1,l2,sag,"{'C': np.float64(0.0001), 'max_iter': 100, 'n_jobs': -1, 'penalty': 'l2', 'solver': 'sag'}",,,,,,,,1
0.019200658798217772,0.0009583092900338695,0.018060970306396484,0.01401128933228304,0.0001,100,-1,l2,saga,"{'C': np.float64(0.0001), 'max_iter': 100, 'n_jobs': -1, 'penalty': 'l2', 'solver': 'saga'}",,,,,,,,1
0.0006604194641113281,5.221486634575163e-05,0.0,0.0,0.0001,100,-1,elasticnet,lbfgs,"{'C': np.float64(0.0001), 'max_iter': 100, 'n_jobs': -1, 'penalty': 'elasticnet', 'solver': 'lbfgs'}",,,,,,,,1
0.0007365703582763672,0.00012657431967002126,0.0,0.0,0.0001,100,-1,elasticnet,newton-cg,"{'C': np.float64(0.0001), 'max_iter': 100, 'n_jobs': -1, 'penalty': 'elasticnet', 'solver': 'newton-cg'}",,,,,,,,1
0.0006846904754638672,8.553047127518317e-05,0.0,0.0,0.0001,100,-1,elasticnet,newton-cholesky,"{'C': np.float64(0.0001), 'max_iter': 100, 'n_jobs': -1, 'penalty': 'elasticnet', 'solver': 'newton-cholesky'}",,,,,,,,1
0.0006602764129638672,0.0001052601799024388,0.0,0.0,0.0001,100,-1,elasticnet,liblinear,"{'C': np.float64(0.0001), 'max_iter': 100, 'n_jobs': -1, 'penalty': 'elasticnet', 'solver': 'liblinear'}",,,,,,,,1
0.0006264209747314453,0.00012120320763161325,0.0,0.0,0.0001,100,-1,elasticnet,sag,"{'C': np.float64(0.0001), 'max_iter': 100, 'n_jobs': -1, 'penalty': 'elasticnet', 'solver': 'sag'}",,,,,,,,1
0.0006066322326660156,6.324137189160186e-05,0.0,0.0,0.0001,100,-1,elasticnet,saga,"{'C': np.float64(0.0001), 'max_iter': 100, 'n_jobs': -1, 'penalty': 'elasticnet', 'solver': 'saga'}",,,,,,,,1
0.018352413177490236,0.004622473279425751,0.0184079647064209,0.01946373554924344,0.0001,200,-1,l2,lbfgs,"{'C': np.float64(0.0001), 'max_iter': 200, 'n_jobs': -1, 'penalty': 'l2', 'solver': 'lbfgs'}",,,,,,,,1
0.029498958587646486,0.01437281982115995,0.002939653396606445,0.0005299400160801475,0.0001,200,-1,l2,newton-cg,"{'C': np.float64(0.0001), 'max_iter': 200, 'n_jobs': -1, 'penalty': 'l2', 'solver': 'newton-cg'}",,,,,,,,1
0.02399444580078125,0.014516206314450613,0.005183744430541992,0.00479902598213665,0.0001,200,-1,l2,newton-cholesky,"{'C': np.float64(0.0001), 'max_iter': 200, 'n_jobs': -1, 'penalty': 'l2', 'solver': 'newton-cholesky'}",,,,,,,,1
0.009630203247070312,0.012102938347536991,0.005766487121582032,0.004302143054285969,0.0001,200,-1,l2,liblinear,"{'C': np.float64(0.0001), 'max_iter': 200, 'n_jobs': -1, 'penalty': 'l2', 'solver': 'liblinear'}",,,,,,,,1
0.02143435478210449,0.00651107221773819,0.002698516845703125,0.0006683726720589162,0.0001,200,-1,l2,sag,"{'C': np.float64(0.0001), 'max_iter': 200, 'n_jobs': -1, 'penalty': 'l2', 'solver': 'sag'}",,,,,,,,1
0.016126155853271484,0.0014630335529352073,0.003040456771850586,0.0004554776540267574,0.0001,200,-1,l2,saga,"{'C': np.float64(0.0001), 'max_iter': 200, 'n_jobs': -1, 'penalty': 'l2', 'solver': 'saga'}",,,,,,,,1
0.0004673480987548828,0.00016295008330950678,0.0,0.0,0.0001,200,-1,elasticnet,lbfgs,"{'C': np.float64(0.0001), 'max_iter': 200, 'n_jobs': -1, 'penalty': 'elasticnet', 'solver': 'lbfgs'}",,,,,,,,1
0.0004062652587890625,0.00014585052696536587,0.0,0.0,0.0001,200,-1,elasticnet,newton-cg,"{'C': np.float64(0.0001), 'max_iter': 200, 'n_jobs': -1, 'penalty': 'elasticnet', 'solver': 'newton-cg'}",,,,,,,,1
0.0004282474517822266,0.00011167353181613745,0.0,0.0,0.0001,200,-1,elasticnet,newton-cholesky,"{'C': np.float64(0.0001), 'max_iter': 200, 'n_jobs': -1, 'penalty': 'elasticnet', 'solver': 'newton-cholesky'}",,,,,,,,1
0.0003918647766113281,0.00010491702694626449,0.0,0.0,0.0001,200,-1,elasticnet,liblinear,"{'C': np.float64(0.0001), 'max_iter': 200, 'n_jobs': -1, 'penalty': 'elasticnet', 'solver': 'liblinear'}",,,,,,,,1
0.0003304004669189453,3.0288882459169247e-05,0.0,0.0,0.0001,200,-1,elasticnet,sag,"{'C': np.float64(0.0001), 'max_iter': 200, 'n_jobs': -1, 'penalty': 'elasticnet', 'solver': 'sag'}",,,,,,,,1
0.0003296852111816406,3.705009376955608e-05,0.0,0.0,0.0001,200,-1,elasticnet,saga,"{'C': np.float64(0.0001), 'max_iter': 200, 'n_jobs': -1, 'penalty': 'elasticnet', 'solver': 'saga'}",,,,,,,,1
0.015060520172119141,0.0013083008716683567,0.0031174659729003907,0.0005348504644118045,0.0001,300,-1,l2,lbfgs,"{'C': np.float64(0.0001), 'max_iter': 300, 'n_jobs': -1, 'penalty': 'l2', 'solver': 'lbfgs'}",,,,,,,,1
0.01596179008483887,0.0008634617977865531,0.0027146339416503906,0.0005784978105640899,0.0001,300,-1,l2,newton-cg,"{'C': np.float64(0.0001), 'max_iter': 300, 'n_jobs': -1, 'penalty': 'l2', 'solver': 'newton-cg'}",,,,,,,,1
0.0164029598236084,0.000823243148195685,0.002938699722290039,0.0005795822059632553,0.0001,300,-1,l2,newton-cholesky,"{'C': np.float64(0.0001), 'max_iter': 300, 'n_jobs': -1, 'penalty': 'l2', 'solver': 'newton-cholesky'}",,,,,,,,1
0.0025727272033691405,0.0005718853258509101,0.0031548500061035155,0.0015287070633728055,0.0001,300,-1,l2,liblinear,"{'C': np.float64(0.0001), 'max_iter': 300, 'n_jobs': -1, 'penalty': 'l2', 'solver': 'liblinear'}",,,,,,,,1
0.016443967819213867,0.0005376652012780162,0.0031195640563964843,0.0006487378492282573,0.0001,300,-1,l2,sag,"{'C': np.float64(0.0001), 'max_iter': 300, 'n_jobs': -1, 'penalty': 'l2', 'solver': 'sag'}",,,,,,,,1
0.015435791015625,0.0010523574037719983,0.0030559539794921876,0.000499418274434147,0.0001,300,-1,l2,saga,"{'C': np.float64(0.0001), 'max_iter': 300, 'n_jobs': -1, 'penalty': 'l2', 'solver': 'saga'}",,,,,,,,1
0.0006514549255371094,0.00016541250776556284,0.0,0.0,0.0001,300,-1,elasticnet,lbfgs,"{'C': np.float64(0.0001), 'max_iter': 300, 'n_jobs': -1, 'penalty': 'elasticnet', 'solver': 'lbfgs'}",,,,,,,,1
0.0004441261291503906,0.00029353118685656216,0.0,0.0,0.0001,300,-1,elasticnet,newton-cg,"{'C': np.float64(0.0001), 'max_iter': 300, 'n_jobs': -1, 'penalty': 'elasticnet', 'solver': 'newton-cg'}",,,,,,,,1
0.0005250453948974609,0.0001777073251234243,0.0,0.0,0.0001,300,-1,elasticnet,newton-cholesky,"{'C': np.float64(0.0001), 'max_iter': 300, 'n_jobs': -1, 'penalty': 'elasticnet', 'solver': 'newton-cholesky'}",,,,,,,,1
0.00035543441772460936,4.497117953250047e-05,0.0,0.0,0.0001,300,-1,elasticnet,liblinear,"{'C': np.float64(0.0001), 'max_iter': 300, 'n_jobs': -1, 'penalty': 'elasticnet', 'solver': 'liblinear'}",,,,,,,,1
0.0003163337707519531,1.2011564927841354e-05,0.0,0.0,0.0001,300,-1,elasticnet,sag,"{'C': np.float64(0.0001), 'max_iter': 300, 'n_jobs': -1, 'penalty': 'elasticnet', 'solver': 'sag'}",,,,,,,,1
0.00032591819763183594,2.5045982376028555e-05,0.0,0.0,0.0001,300,-1,elasticnet,saga,"{'C': np.float64(0.0001), 'max_iter': 300, 'n_jobs': -1, 'penalty': 'elasticnet', 'solver': 'saga'}",,,,,,,,1
0.015013170242309571,0.0007758192057517798,0.002639293670654297,0.00017627844895662072,0.000774263682681127,100,-1,l2,lbfgs,"{'C': np.float64(0.000774263682681127), 'max_iter': 100, 'n_jobs': -1, 'penalty': 'l2', 'solver': 'lbfgs'}",,,,,,,,1
0.016258382797241212,0.0005271944830523505,0.0029706478118896483,0.0003690829078272996,0.000774263682681127,100,-1,l2,newton-cg,"{'C': np.float64(0.000774263682681127), 'max_iter': 100, 'n_jobs': -1, 'penalty': 'l2', 'solver': 'newton-cg'}",,,,,,,,1
0.016150474548339844,0.0006778249847936595,0.0025838375091552734,0.0003816724655707569,0.000774263682681127,100,-1,l2,newton-cholesky,"{'C': np.float64(0.000774263682681127), 'max_iter': 100, 'n_jobs': -1, 'penalty': 'l2', 'solver': 'newton-cholesky'}",,,,,,,,1
0.0026898860931396486,0.00041405221581304266,0.0021717071533203123,0.00041908825305971584,0.000774263682681127,100,-1,l2,liblinear,"{'C': np.float64(0.000774263682681127), 'max_iter': 100, 'n_jobs': -1, 'penalty': 'l2', 'solver': 'liblinear'}",,,,,,,,1
0.016309213638305665,0.001198119858182062,0.002656984329223633,0.00039253139287203883,0.000774263682681127,100,-1,l2,sag,"{'C': np.float64(0.000774263682681127), 'max_iter': 100, 'n_jobs': -1, 'penalty': 'l2', 'solver': 'sag'}",,,,,,,,1
0.02316741943359375,0.005493338269627085,0.003258228302001953,0.0011201698836161595,0.000774263682681127,100,-1,l2,saga,"{'C': np.float64(0.000774263682681127), 'max_iter': 100, 'n_jobs': -1, 'penalty': 'l2', 'solver': 'saga'}",,,,,,,,1
0.0004032135009765625,0.00013234781758315585,0.0,0.0,0.000774263682681127,100,-1,elasticnet,lbfgs,"{'C': np.float64(0.000774263682681127), 'max_iter': 100, 'n_jobs': -1, 'penalty': 'elasticnet', 'solver': 'lbfgs'}",,,,,,,,1
0.00039463043212890626,0.00012867107681881543,0.0,0.0,0.000774263682681127,100,-1,elasticnet,newton-cg,"{'C': np.float64(0.000774263682681127), 'max_iter': 100, 'n_jobs': -1, 'penalty': 'elasticnet', 'solver': 'newton-cg'}",,,,,,,,1
0.0005207061767578125,0.00015262282984784828,0.0,0.0,0.000774263682681127,100,-1,elasticnet,newton-cholesky,"{'C': np.float64(0.000774263682681127), 'max_iter': 100, 'n_jobs': -1, 'penalty': 'elasticnet', 'solver': 'newton-cholesky'}",,,,,,,,1
0.0004976272583007812,0.0003425396956353439,0.0,0.0,0.000774263682681127,100,-1,elasticnet,liblinear,"{'C': np.float64(0.000774263682681127), 'max_iter': 100, 'n_jobs': -1, 'penalty': 'elasticnet', 'solver': 'liblinear'}",,,,,,,,1
0.00033707618713378905,4.5368343087766954e-05,0.0,0.0,0.000774263682681127,100,-1,elasticnet,sag,"{'C': np.float64(0.000774263682681127), 'max_iter': 100, 'n_jobs': -1, 'penalty': 'elasticnet', 'solver': 'sag'}",,,,,,,,1
0.00029687881469726564,1.6718158295752515e-05,0.0,0.0,0.000774263682681127,100,-1,elasticnet,saga,"{'C': np.float64(0.000774263682681127), 'max_iter': 100, 'n_jobs': -1, 'penalty': 'elasticnet', 'solver': 'saga'}",,,,,,,,1
0.015759849548339845,0.0007762156533231683,0.0033150196075439455,0.0006726240073931054,0.000774263682681127,200,-1,l2,lbfgs,"{'C': np.float64(0.000774263682681127), 'max_iter': 200, 'n_jobs': -1, 'penalty': 'l2', 'solver': 'lbfgs'}",,,,,,,,1
0.015958547592163086,0.0009805253975359262,0.0031011104583740234,0.0005855681646437945,0.000774263682681127,200,-1,l2,newton-cg,"{'C': np.float64(0.000774263682681127), 'max_iter': 200, 'n_jobs': -1, 'penalty': 'l2', 'solver': 'newton-cg'}",,,,,,,,1
0.016053152084350587,0.0010127873451067,0.0033673763275146483,0.0004625960286115759,0.000774263682681127,200,-1,l2,newton-cholesky,"{'C': np.float64(0.000774263682681127), 'max_iter': 200, 'n_jobs': -1, 'penalty': 'l2', 'solver': 'newton-cholesky'}",,,,,,,,1
0.0033449172973632813,0.00097318318852056,0.0024210453033447266,0.0006108040101231912,0.000774263682681127,200,-1,l2,liblinear,"{'C': np.float64(0.000774263682681127), 'max_iter': 200, 'n_jobs': -1, 'penalty': 'l2', 'solver': 'liblinear'}",,,,,,,,1
0.016364336013793945,0.0009871196954593334,0.0030165672302246093,0.0004927943184797174,0.000774263682681127,200,-1,l2,sag,"{'C': np.float64(0.000774263682681127), 'max_iter': 200, 'n_jobs': -1, 'penalty': 'l2', 'solver': 'sag'}",,,,,,,,1
0.022292375564575195,0.00507369688582763,0.0029407024383544924,0.0005741052334099261,0.000774263682681127,200,-1,l2,saga,"{'C': np.float64(0.000774263682681127), 'max_iter': 200, 'n_jobs': -1, 'penalty': 'l2', 'solver': 'saga'}",,,,,,,,1
0.00048279762268066406,0.00019716792695958197,0.0,0.0,0.000774263682681127,200,-1,elasticnet,lbfgs,"{'C': np.float64(0.000774263682681127), 'max_iter': 200, 'n_jobs': -1, 'penalty': 'elasticnet', 'solver': 'lbfgs'}",,,,,,,,1
0.0002875804901123047,7.015180561677165e-06,0.0,0.0,0.000774263682681127,200,-1,elasticnet,newton-cg,"{'C': np.float64(0.000774263682681127), 'max_iter': 200, 'n_jobs': -1, 'penalty': 'elasticnet', 'solver': 'newton-cg'}",,,,,,,,1
0.00028481483459472654,4.861868704426149e-06,0.0,0.0,0.000774263682681127,200,-1,elasticnet,newton-cholesky,"{'C': np.float64(0.000774263682681127), 'max_iter': 200, 'n_jobs': -1, 'penalty': 'elasticnet', 'solver': 'newton-cholesky'}",,,,,,,,1
0.0003588676452636719,5.775744085581006e-05,0.0,0.0,0.000774263682681127,200,-1,elasticnet,liblinear,"{'C': np.float64(0.000774263682681127), 'max_iter': 200, 'n_jobs': -1, 'penalty': 'elasticnet', 'solver': 'liblinear'}",,,,,,,,1
0.00042724609375,0.00012978391508273348,0.0,0.0,0.000774263682681127,200,-1,elasticnet,sag,"{'C': np.float64(0.000774263682681127), 'max_iter': 200, 'n_jobs': -1, 'penalty': 'elasticnet', 'solver': 'sag'}",,,,,,,,1
0.00036334991455078125,6.776676423608841e-05,0.0,0.0,0.000774263682681127,200,-1,elasticnet,saga,"{'C': np.float64(0.000774263682681127), 'max_iter': 200, 'n_jobs': -1, 'penalty': 'elasticnet', 'solver': 'saga'}",,,,,,,,1
0.015775632858276368,0.0007323071798532891,0.002895212173461914,0.0004881399153142355,0.000774263682681127,300,-1,l2,lbfgs,"{'C': np.float64(0.000774263682681127), 'max_iter': 300, 'n_jobs': -1, 'penalty': 'l2', 'solver': 'lbfgs'}",,,,,,,,1
0.015621232986450195,0.0010701955329975507,0.002917766571044922,0.0005828420200726655,0.000774263682681127,300,-1,l2,newton-cg,"{'C': np.float64(0.000774263682681127), 'max_iter': 300, 'n_jobs': -1, 'penalty': 'l2', 'solver': 'newton-cg'}",,,,,,,,1
0.015900182723999023,0.0008264367473483267,0.0030648231506347655,0.0005561719214379944,0.000774263682681127,300,-1,l2,newton-cholesky,"{'C': np.float64(0.000774263682681127), 'max_iter': 300, 'n_jobs': -1, 'penalty': 'l2', 'solver': 'newton-cholesky'}",,,,,,,,1
0.0023259639739990233,0.0001461743044631006,0.001852560043334961,0.00019406870479312839,0.000774263682681127,300,-1,l2,liblinear,"{'C': np.float64(0.000774263682681127), 'max_iter': 300, 'n_jobs': -1, 'penalty': 'l2', 'solver': 'liblinear'}",,,,,,,,1
0.015398788452148437,0.001089937322347816,0.0030297756195068358,0.0007447071454499832,0.000774263682681127,300,-1,l2,sag,"{'C': np.float64(0.000774263682681127), 'max_iter': 300, 'n_jobs': -1, 'penalty': 'l2', 'solver': 'sag'}",,,,,,,,1
0.018068790435791016,0.003990471656777341,0.0026814937591552734,0.000489642645388844,0.000774263682681127,300,-1,l2,saga,"{'C': np.float64(0.000774263682681127), 'max_iter': 300, 'n_jobs': -1, 'penalty': 'l2', 'solver': 'saga'}",,,,,,,,1
0.0005055904388427734,0.0001659475932859619,0.0,0.0,0.000774263682681127,300,-1,elasticnet,lbfgs,"{'C': np.float64(0.000774263682681127), 'max_iter': 300, 'n_jobs': -1, 'penalty': 'elasticnet', 'solver': 'lbfgs'}",,,,,,,,1
0.00039162635803222654,0.00011766546025932858,0.0,0.0,0.000774263682681127,300,-1,elasticnet,newton-cg,"{'C': np.float64(0.000774263682681127), 'max_iter': 300, 'n_jobs': -1, 'penalty': 'elasticnet', 'solver': 'newton-cg'}",,,,,,,,1
0.00030078887939453123,1.0253218644793097e-05,0.0,0.0,0.000774263682681127,300,-1,elasticnet,newton-cholesky,"{'C': np.float64(0.000774263682681127), 'max_iter': 300, 'n_jobs': -1, 'penalty': 'elasticnet', 'solver': 'newton-cholesky'}",,,,,,,,1
0.0003183841705322266,6.876382009834426e-06,0.0,0.0,0.000774263682681127,300,-1,elasticnet,liblinear,"{'C': np.float64(0.000774263682681127), 'max_iter': 300, 'n_jobs': -1, 'penalty': 'elasticnet', 'solver': 'liblinear'}",,,,,,,,1
0.0005648612976074218,0.0002865793066294007,0.0,0.0,0.000774263682681127,300,-1,elasticnet,sag,"{'C': np.float64(0.000774263682681127), 'max_iter': 300, 'n_jobs': -1, 'penalty': 'elasticnet', 'solver': 'sag'}",,,,,,,,1
0.0003430366516113281,3.980759288394031e-05,0.0,0.0,0.000774263682681127,300,-1,elasticnet,saga,"{'C': np.float64(0.000774263682681127), 'max_iter': 300, 'n_jobs': -1, 'penalty': 'elasticnet', 'solver': 'saga'}",,,,,,,,1
0.016948366165161134,0.000998109823958122,0.0028850078582763673,0.0006446395314244755,0.005994842503189409,100,-1,l2,lbfgs,"{'C': np.float64(0.005994842503189409), 'max_iter': 100, 'n_jobs': -1, 'penalty': 'l2', 'solver': 'lbfgs'}",,,,,,,,1
0.018427133560180664,0.004879810390106527,0.002910804748535156,0.00026718532709414465,0.005994842503189409,100,-1,l2,newton-cg,"{'C': np.float64(0.005994842503189409), 'max_iter': 100, 'n_jobs': -1, 'penalty': 'l2', 'solver': 'newton-cg'}",,,,,,,,1
0.016074180603027344,0.0007468022111297605,0.003020191192626953,0.0009188873330912399,0.005994842503189409,100,-1,l2,newton-cholesky,"{'C': np.float64(0.005994842503189409), 'max_iter': 100, 'n_jobs': -1, 'penalty': 'l2', 'solver': 'newton-cholesky'}",,,,,,,,1
0.002903604507446289,0.000303567755132936,0.001873016357421875,0.0002368519332533177,0.005994842503189409,100,-1,l2,liblinear,"{'C': np.float64(0.005994842503189409), 'max_iter': 100, 'n_jobs': -1, 'penalty': 'l2', 'solver': 'liblinear'}",,,,,,,,1
0.02781524658203125,0.0013748884232057822,0.003215456008911133,0.0003443017749490653,0.005994842503189409,100,-1,l2,sag,"{'C': np.float64(0.005994842503189409), 'max_iter': 100, 'n_jobs': -1, 'penalty': 'l2', 'solver': 'sag'}",,,,,,,,1
0.028189373016357423,0.001875798837562144,0.0033124446868896484,0.00028581503911464975,0.005994842503189409,100,-1,l2,saga,"{'C': np.float64(0.005994842503189409), 'max_iter': 100, 'n_jobs': -1, 'penalty': 'l2', 'solver': 'saga'}",,,,,,,,1
0.00045652389526367186,0.00016583457194098257,0.0,0.0,0.005994842503189409,100,-1,elasticnet,lbfgs,"{'C': np.float64(0.005994842503189409), 'max_iter': 100, 'n_jobs': -1, 'penalty': 'elasticnet', 'solver': 'lbfgs'}",,,,,,,,1
0.00029191970825195315,1.1286645888120402e-05,0.0,0.0,0.005994842503189409,100,-1,elasticnet,newton-cg,"{'C': np.float64(0.005994842503189409), 'max_iter': 100, 'n_jobs': -1, 'penalty': 'elasticnet', 'solver': 'newton-cg'}",,,,,,,,1
0.0006833076477050781,0.0001987662391731369,0.0,0.0,0.005994842503189409,100,-1,elasticnet,newton-cholesky,"{'C': np.float64(0.005994842503189409), 'max_iter': 100, 'n_jobs': -1, 'penalty': 'elasticnet', 'solver': 'newton-cholesky'}",,,,,,,,1
0.0003016471862792969,1.65424699891808e-05,0.0,0.0,0.005994842503189409,100,-1,elasticnet,liblinear,"{'C': np.float64(0.005994842503189409), 'max_iter': 100, 'n_jobs': -1, 'penalty': 'elasticnet', 'solver': 'liblinear'}",,,,,,,,1
0.00030460357666015623,1.2602040205858727e-05,0.0,0.0,0.005994842503189409,100,-1,elasticnet,sag,"{'C': np.float64(0.005994842503189409), 'max_iter': 100, 'n_jobs': -1, 'penalty': 'elasticnet', 'solver': 'sag'}",,,,,,,,1
0.00034208297729492186,5.19648375273697e-05,0.0,0.0,0.005994842503189409,100,-1,elasticnet,saga,"{'C': np.float64(0.005994842503189409), 'max_iter': 100, 'n_jobs': -1, 'penalty': 'elasticnet', 'solver': 'saga'}",,,,,,,,1
0.016232919692993165,0.0012876986124144218,0.002945613861083984,0.00034348945411803283,0.005994842503189409,200,-1,l2,lbfgs,"{'C': np.float64(0.005994842503189409), 'max_iter': 200, 'n_jobs': -1, 'penalty': 'l2', 'solver': 'lbfgs'}",,,,,,,,1
0.015559911727905273,0.001245723737982937,0.0031932830810546876,0.0008477805374607772,0.005994842503189409,200,-1,l2,newton-cg,"{'C': np.float64(0.005994842503189409), 'max_iter': 200, 'n_jobs': -1, 'penalty': 'l2', 'solver': 'newton-cg'}",,,,,,,,1
0.015577745437622071,0.0008832897642561191,0.0024976730346679688,0.0002464705265421129,0.005994842503189409,200,-1,l2,newton-cholesky,"{'C': np.float64(0.005994842503189409), 'max_iter': 200, 'n_jobs': -1, 'penalty': 'l2', 'solver': 'newton-cholesky'}",,,,,,,,1
0.0036786556243896484,0.0008764169628113326,0.002312898635864258,0.0007424324234035082,0.005994842503189409,200,-1,l2,liblinear,"{'C': np.float64(0.005994842503189409), 'max_iter': 200, 'n_jobs': -1, 'penalty': 'l2', 'solver': 'liblinear'}",,,,,,,,1
0.030091381072998045,0.00586342107777601,0.0031594753265380858,0.0005360245968441027,0.005994842503189409,200,-1,l2,sag,"{'C': np.float64(0.005994842503189409), 'max_iter': 200, 'n_jobs': -1, 'penalty': 'l2', 'solver': 'sag'}",,,,,,,,1
0.03936762809753418,0.0016457841713991917,0.003111124038696289,0.0005655198836296175,0.005994842503189409,200,-1,l2,saga,"{'C': np.float64(0.005994842503189409), 'max_iter': 200, 'n_jobs': -1, 'penalty': 'l2', 'solver': 'saga'}",,,,,,,,1
0.0004291057586669922,0.00011588088730881674,0.0,0.0,0.005994842503189409,200,-1,elasticnet,lbfgs,"{'C': np.float64(0.005994842503189409), 'max_iter': 200, 'n_jobs': -1, 'penalty': 'elasticnet', 'solver': 'lbfgs'}",,,,,,,,1
0.0003518581390380859,0.0001210767762976709,0.0,0.0,0.005994842503189409,200,-1,elasticnet,newton-cg,"{'C': np.float64(0.005994842503189409), 'max_iter': 200, 'n_jobs': -1, 'penalty': 'elasticnet', 'solver': 'newton-cg'}",,,,,,,,1
0.00048584938049316405,0.00012696664851629988,0.0,0.0,0.005994842503189409,200,-1,elasticnet,newton-cholesky,"{'C': np.float64(0.005994842503189409), 'max_iter': 200, 'n_jobs': -1, 'penalty': 'elasticnet', 'solver': 'newton-cholesky'}",,,,,,,,1
0.00037565231323242185,0.00014384949751592943,0.0,0.0,0.005994842503189409,200,-1,elasticnet,liblinear,"{'C': np.float64(0.005994842503189409), 'max_iter': 200, 'n_jobs': -1, 'penalty': 'elasticnet', 'solver': 'liblinear'}",,,,,,,,1
0.0003399372100830078,3.473437136636204e-05,0.0,0.0,0.005994842503189409,200,-1,elasticnet,sag,"{'C': np.float64(0.005994842503189409), 'max_iter': 200, 'n_jobs': -1, 'penalty': 'elasticnet', 'solver': 'sag'}",,,,,,,,1
0.0003298282623291016,6.8598291428964395e-06,0.0,0.0,0.005994842503189409,200,-1,elasticnet,saga,"{'C': np.float64(0.005994842503189409), 'max_iter': 200, 'n_jobs': -1, 'penalty': 'elasticnet', 'solver': 'saga'}",,,,,,,,1
0.01852107048034668,0.004985129508689305,0.002700519561767578,0.0003780463929041243,0.005994842503189409,300,-1,l2,lbfgs,"{'C': np.float64(0.005994842503189409), 'max_iter': 300, 'n_jobs': -1, 'penalty': 'l2', 'solver': 'lbfgs'}",,,,,,,,1
0.018120813369750976,0.004068944080688739,0.003017234802246094,0.0005475161984228827,0.005994842503189409,300,-1,l2,newton-cg,"{'C': np.float64(0.005994842503189409), 'max_iter': 300, 'n_jobs': -1, 'penalty': 'l2', 'solver': 'newton-cg'}",,,,,,,,1
0.015530204772949219,0.0004195254291630039,0.003011178970336914,0.00041410792257385985,0.005994842503189409,300,-1,l2,newton-cholesky,"{'C': np.float64(0.005994842503189409), 'max_iter': 300, 'n_jobs': -1, 'penalty': 'l2', 'solver': 'newton-cholesky'}",,,,,,,,1
0.0034671306610107424,0.0010011616854947339,0.0021102428436279297,0.000573836522718459,0.005994842503189409,300,-1,l2,liblinear,"{'C': np.float64(0.005994842503189409), 'max_iter': 300, 'n_jobs': -1, 'penalty': 'l2', 'solver': 'liblinear'}",,,,,,,,1
0.02820286750793457,0.0015991211292966628,0.0031633853912353517,0.0006489809675066571,0.005994842503189409,300,-1,l2,sag,"{'C': np.float64(0.005994842503189409), 'max_iter': 300, 'n_jobs': -1, 'penalty': 'l2', 'solver': 'sag'}",,,,,,,,1
0.05589742660522461,0.004835946390614534,0.0028220176696777343,0.0004504153568182417,0.005994842503189409,300,-1,l2,saga,"{'C': np.float64(0.005994842503189409), 'max_iter': 300, 'n_jobs': -1, 'penalty': 'l2', 'solver': 'saga'}",,,,,,,,1
0.00048656463623046874,0.0001556077099267842,0.0,0.0,0.005994842503189409,300,-1,elasticnet,lbfgs,"{'C': np.float64(0.005994842503189409), 'max_iter': 300, 'n_jobs': -1, 'penalty': 'elasticnet', 'solver': 'lbfgs'}",,,,,,,,1
0.0003346443176269531,1.680308112276995e-05,0.0,0.0,0.005994842503189409,300,-1,elasticnet,newton-cg,"{'C': np.float64(0.005994842503189409), 'max_iter': 300, 'n_jobs': -1, 'penalty': 'elasticnet', 'solver': 'newton-cg'}",,,,,,,,1
0.00031876564025878906,9.335541216094054e-06,0.0,0.0,0.005994842503189409,300,-1,elasticnet,newton-cholesky,"{'C': np.float64(0.005994842503189409), 'max_iter': 300, 'n_jobs': -1, 'penalty': 'elasticnet', 'solver': 'newton-cholesky'}",,,,,,,,1
0.0003155708312988281,1.4540484374588205e-05,0.0,0.0,0.005994842503189409,300,-1,elasticnet,liblinear,"{'C': np.float64(0.005994842503189409), 'max_iter': 300, 'n_jobs': -1, 'penalty': 'elasticnet', 'solver': 'liblinear'}",,,,,,,,1
0.00030670166015625,5.004746156082888e-06,0.0,0.0,0.005994842503189409,300,-1,elasticnet,sag,"{'C': np.float64(0.005994842503189409), 'max_iter': 300, 'n_jobs': -1, 'penalty': 'elasticnet', 'solver': 'sag'}",,,,,,,,1
0.0003055572509765625,6.465672738933872e-06,0.0,0.0,0.005994842503189409,300,-1,elasticnet,saga,"{'C': np.float64(0.005994842503189409), 'max_iter': 300, 'n_jobs': -1, 'penalty': 'elasticnet', 'solver': 'saga'}",,,,,,,,1
0.02837834358215332,0.0009715733216450502,0.0031538486480712892,0.0005001967559825953,0.046415888336127774,100,-1,l2,lbfgs,"{'C': np.float64(0.046415888336127774), 'max_iter': 100, 'n_jobs': -1, 'penalty': 'l2', 'solver': 'lbfgs'}",,,,,,,,1
0.02241039276123047,0.0052489288532598394,0.003200531005859375,0.0004779072674865582,0.046415888336127774,100,-1,l2,newton-cg,"{'C': np.float64(0.046415888336127774), 'max_iter': 100, 'n_jobs': -1, 'penalty': 'l2', 'solver': 'newton-cg'}",,,,,,,,1
0.014912176132202148,0.0007876785450914018,0.0031577110290527343,0.00046915599684746695,0.046415888336127774,100,-1,l2,newton-cholesky,"{'C': np.float64(0.046415888336127774), 'max_iter': 100, 'n_jobs': -1, 'penalty': 'l2', 'solver': 'newton-cholesky'}",,,,,,,,1
0.0039330005645751955,0.0006841143074673299,0.0025072097778320312,0.0008219872676935375,0.046415888336127774,100,-1,l2,liblinear,"{'C': np.float64(0.046415888336127774), 'max_iter': 100, 'n_jobs': -1, 'penalty': 'l2', 'solver': 'liblinear'}",,,,,,,,1
0.026189470291137697,0.0006972087614624167,0.002643394470214844,0.0004663548927140694,0.046415888336127774,100,-1,l2,sag,"{'C': np.float64(0.046415888336127774), 'max_iter': 100, 'n_jobs': -1, 'penalty': 'l2', 'solver': 'sag'}",,,,,,,,1
0.027902650833129882,0.0018067651662235543,0.0032697200775146486,0.00034823990607794696,0.046415888336127774,100,-1,l2,saga,"{'C': np.float64(0.046415888336127774), 'max_iter': 100, 'n_jobs': -1, 'penalty': 'l2', 'solver': 'saga'}",,,,,,,,1
0.0005025863647460938,0.00010911978451673518,0.0,0.0,0.046415888336127774,100,-1,elasticnet,lbfgs,"{'C': np.float64(0.046415888336127774), 'max_iter': 100, 'n_jobs': -1, 'penalty': 'elasticnet', 'solver': 'lbfgs'}",,,,,,,,1
0.00041713714599609373,0.00010390965507941554,0.0,0.0,0.046415888336127774,100,-1,elasticnet,newton-cg,"{'C': np.float64(0.046415888336127774), 'max_iter': 100, 'n_jobs': -1, 'penalty': 'elasticnet', 'solver': 'newton-cg'}",,,,,,,,1
0.000323486328125,1.4029388739737716e-05,0.0,0.0,0.046415888336127774,100,-1,elasticnet,newton-cholesky,"{'C': np.float64(0.046415888336127774), 'max_iter': 100, 'n_jobs': -1, 'penalty': 'elasticnet', 'solver': 'newton-cholesky'}",,,,,,,,1
0.0003164768218994141,2.469197067376375e-05,0.0,0.0,0.046415888336127774,100,-1,elasticnet,liblinear,"{'C': np.float64(0.046415888336127774), 'max_iter': 100, 'n_jobs': -1, 'penalty': 'elasticnet', 'solver': 'liblinear'}",,,,,,,,1
0.00031800270080566405,3.905508829746581e-05,0.0,0.0,0.046415888336127774,100,-1,elasticnet,sag,"{'C': np.float64(0.046415888336127774), 'max_iter': 100, 'n_jobs': -1, 'penalty': 'elasticnet', 'solver': 'sag'}",,,,,,,,1
0.00031032562255859373,8.185226154853801e-06,0.0,0.0,0.046415888336127774,100,-1,elasticnet,saga,"{'C': np.float64(0.046415888336127774), 'max_iter': 100, 'n_jobs': -1, 'penalty': 'elasticnet', 'solver': 'saga'}",,,,,,,,1
0.024679803848266603,0.003885921927661731,0.0027873992919921877,0.0003611857941500233,0.046415888336127774,200,-1,l2,lbfgs,"{'C': np.float64(0.046415888336127774), 'max_iter': 200, 'n_jobs': -1, 'penalty': 'l2', 'solver': 'lbfgs'}",,,,,,,,1
0.025575590133666993,0.004462778430052997,0.0028844833374023437,0.0004938322907223518,0.046415888336127774,200,-1,l2,newton-cg,"{'C': np.float64(0.046415888336127774), 'max_iter': 200, 'n_jobs': -1, 'penalty': 'l2', 'solver': 'newton-cg'}",,,,,,,,1
0.01607546806335449,0.0008275774578092274,0.0032707691192626954,0.0005383230622003598,0.046415888336127774,200,-1,l2,newton-cholesky,"{'C': np.float64(0.046415888336127774), 'max_iter': 200, 'n_jobs': -1, 'penalty': 'l2', 'solver': 'newton-cholesky'}",,,,,,,,1
0.003473377227783203,0.0007939754309099547,0.0020562171936035155,0.0004385175987427352,0.046415888336127774,200,-1,l2,liblinear,"{'C': np.float64(0.046415888336127774), 'max_iter': 200, 'n_jobs': -1, 'penalty': 'l2', 'solver': 'liblinear'}",,,,,,,,1
0.039548301696777345,0.0018622043864797103,0.003364372253417969,0.00041790481353167435,0.046415888336127774,200,-1,l2,sag,"{'C': np.float64(0.046415888336127774), 'max_iter': 200, 'n_jobs': -1, 'penalty': 'l2', 'solver': 'sag'}",,,,,,,,1
0.03939070701599121,0.001320165999824048,0.0026787281036376952,0.0004800336178779356,0.046415888336127774,200,-1,l2,saga,"{'C': np.float64(0.046415888336127774), 'max_iter': 200, 'n_jobs': -1, 'penalty': 'l2', 'solver': 'saga'}",,,,,,,,1
0.000601959228515625,0.00018332862666477822,0.0,0.0,0.046415888336127774,200,-1,elasticnet,lbfgs,"{'C': np.float64(0.046415888336127774), 'max_iter': 200, 'n_jobs': -1, 'penalty': 'elasticnet', 'solver': 'lbfgs'}",,,,,,,,1
0.0003188133239746094,1.0607242316282256e-05,0.0,0.0,0.046415888336127774,200,-1,elasticnet,newton-cg,"{'C': np.float64(0.046415888336127774), 'max_iter': 200, 'n_jobs': -1, 'penalty': 'elasticnet', 'solver': 'newton-cg'}",,,,,,,,1
0.00030655860900878905,6.799570807383861e-06,0.0,0.0,0.046415888336127774,200,-1,elasticnet,newton-cholesky,"{'C': np.float64(0.046415888336127774), 'max_iter': 200, 'n_jobs': -1, 'penalty': 'elasticnet', 'solver': 'newton-cholesky'}",,,,,,,,1
0.0004347324371337891,0.00011125261857551018,0.0,0.0,0.046415888336127774,200,-1,elasticnet,liblinear,"{'C': np.float64(0.046415888336127774), 'max_iter': 200, 'n_jobs': -1, 'penalty': 'elasticnet', 'solver': 'liblinear'}",,,,,,,,1
0.00032176971435546873,1.1847844203551706e-05,0.0,0.0,0.046415888336127774,200,-1,elasticnet,sag,"{'C': np.float64(0.046415888336127774), 'max_iter': 200, 'n_jobs': -1, 'penalty': 'elasticnet', 'solver': 'sag'}",,,,,,,,1
0.0003873348236083984,7.80185739648324e-05,0.0,0.0,0.046415888336127774,200,-1,elasticnet,saga,"{'C': np.float64(0.046415888336127774), 'max_iter': 200, 'n_jobs': -1, 'penalty': 'elasticnet', 'solver': 'saga'}",,,,,,,,1
0.0243927001953125,0.004416875846450669,0.0032369136810302735,0.0007178846619960303,0.046415888336127774,300,-1,l2,lbfgs,"{'C': np.float64(0.046415888336127774), 'max_iter': 300, 'n_jobs': -1, 'penalty': 'l2', 'solver': 'lbfgs'}",,,,,,,,1
0.026904964447021486,0.0012005178629231085,0.0033527374267578124,0.0010232061538956456,0.046415888336127774,300,-1,l2,newton-cg,"{'C': np.float64(0.046415888336127774), 'max_iter': 300, 'n_jobs': -1, 'penalty': 'l2', 'solver': 'newton-cg'}",,,,,,,,1
0.016359806060791016,0.0010511005854076524,0.002911996841430664,0.00034820781345754043,0.046415888336127774,300,-1,l2,newton-cholesky,"{'C': np.float64(0.046415888336127774), 'max_iter': 300, 'n_jobs': -1, 'penalty': 'l2', 'solver': 'newton-cholesky'}",,,,,,,,1
0.0037198543548583986,0.0013024460180247486,0.002144193649291992,0.000566446952632945,0.046415888336127774,300,-1,l2,liblinear,"{'C': np.float64(0.046415888336127774), 'max_iter': 300, 'n_jobs': -1, 'penalty': 'l2', 'solver': 'liblinear'}",,,,,,,,1
0.052026557922363284,0.002740617339324677,0.0033339500427246095,0.0006115753340370522,0.046415888336127774,300,-1,l2,sag,"{'C': np.float64(0.046415888336127774), 'max_iter': 300, 'n_jobs': -1, 'penalty': 'l2', 'solver': 'sag'}",,,,,,,,1
0.06207089424133301,0.006234151631710823,0.003316974639892578,0.0005680915630447015,0.046415888336127774,300,-1,l2,saga,"{'C': np.float64(0.046415888336127774), 'max_iter': 300, 'n_jobs': -1, 'penalty': 'l2', 'solver': 'saga'}",,,,,,,,1
0.00036101341247558595,5.153336928038841e-05,0.0,0.0,0.046415888336127774,300,-1,elasticnet,lbfgs,"{'C': np.float64(0.046415888336127774), 'max_iter': 300, 'n_jobs': -1, 'penalty': 'elasticnet', 'solver': 'lbfgs'}",,,,,,,,1
0.00029687881469726564,1.2337464621579155e-05,0.0,0.0,0.046415888336127774,300,-1,elasticnet,newton-cg,"{'C': np.float64(0.046415888336127774), 'max_iter': 300, 'n_jobs': -1, 'penalty': 'elasticnet', 'solver': 'newton-cg'}",,,,,,,,1
0.0003559589385986328,8.464900476625827e-05,0.0,0.0,0.046415888336127774,300,-1,elasticnet,newton-cholesky,"{'C': np.float64(0.046415888336127774), 'max_iter': 300, 'n_jobs': -1, 'penalty': 'elasticnet', 'solver': 'newton-cholesky'}",,,,,,,,1
0.0003315925598144531,2.4503306354906808e-05,0.0,0.0,0.046415888336127774,300,-1,elasticnet,liblinear,"{'C': np.float64(0.046415888336127774), 'max_iter': 300, 'n_jobs': -1, 'penalty': 'elasticnet', 'solver': 'liblinear'}",,,,,,,,1
0.0004714012145996094,0.00012141555035321415,0.0,0.0,0.046415888336127774,300,-1,elasticnet,sag,"{'C': np.float64(0.046415888336127774), 'max_iter': 300, 'n_jobs': -1, 'penalty': 'elasticnet', 'solver': 'sag'}",,,,,,,,1
0.00031728744506835936,1.3046878108720924e-05,0.0,0.0,0.046415888336127774,300,-1,elasticnet,saga,"{'C': np.float64(0.046415888336127774), 'max_iter': 300, 'n_jobs': -1, 'penalty': 'elasticnet', 'solver': 'saga'}",,,,,,,,1
0.02680516242980957,0.0014223738876938108,0.002971458435058594,0.0003474799565121263,0.3593813663804626,100,-1,l2,lbfgs,"{'C': np.float64(0.3593813663804626), 'max_iter': 100, 'n_jobs': -1, 'penalty': 'l2', 'solver': 'lbfgs'}",,,,,,,,1
0.028052091598510742,0.0010038574338375324,0.0027590274810791017,0.0006566308486622974,0.3593813663804626,100,-1,l2,newton-cg,"{'C': np.float64(0.3593813663804626), 'max_iter': 100, 'n_jobs': -1, 'penalty': 'l2', 'solver': 'newton-cg'}",,,,,,,,1
0.018032312393188477,0.002549376441135686,0.0032616138458251955,0.00034597381288114956,0.3593813663804626,100,-1,l2,newton-cholesky,"{'C': np.float64(0.3593813663804626), 'max_iter': 100, 'n_jobs': -1, 'penalty': 'l2', 'solver': 'newton-cholesky'}",,,,,,,,1
0.005935573577880859,0.0019197179294281159,0.0028068065643310548,0.0003023462173868682,0.3593813663804626,100,-1,l2,liblinear,"{'C': np.float64(0.3593813663804626), 'max_iter': 100, 'n_jobs': -1, 'penalty': 'l2', 'solver': 'liblinear'}",,,,,,,,1
0.03106374740600586,0.002436280828134209,0.0037131309509277344,0.00039836412846378807,0.3593813663804626,100,-1,l2,sag,"{'C': np.float64(0.3593813663804626), 'max_iter': 100, 'n_jobs': -1, 'penalty': 'l2', 'solver': 'sag'}",,,,,,,,1
0.03068571090698242,0.0018809011483728742,0.0033432960510253905,0.0002580280994038433,0.3593813663804626,100,-1,l2,saga,"{'C': np.float64(0.3593813663804626), 'max_iter': 100, 'n_jobs': -1, 'penalty': 'l2', 'solver': 'saga'}",,,,,,,,1
0.0005267143249511718,0.00012269488013277147,0.0,0.0,0.3593813663804626,100,-1,elasticnet,lbfgs,"{'C': np.float64(0.3593813663804626), 'max_iter': 100, 'n_jobs': -1, 'penalty': 'elasticnet', 'solver': 'lbfgs'}",,,,,,,,1
0.0003249645233154297,1.0256987843786473e-05,0.0,0.0,0.3593813663804626,100,-1,elasticnet,newton-cg,"{'C': np.float64(0.3593813663804626), 'max_iter': 100, 'n_jobs': -1, 'penalty': 'elasticnet', 'solver': 'newton-cg'}",,,,,,,,1
0.00036377906799316405,3.6528776454811965e-05,0.0,0.0,0.3593813663804626,100,-1,elasticnet,newton-cholesky,"{'C': np.float64(0.3593813663804626), 'max_iter': 100, 'n_jobs': -1, 'penalty': 'elasticnet', 'solver': 'newton-cholesky'}",,,,,,,,1
0.0005209922790527343,0.0001223812018699269,0.0,0.0,0.3593813663804626,100,-1,elasticnet,liblinear,"{'C': np.float64(0.3593813663804626), 'max_iter': 100, 'n_jobs': -1, 'penalty': 'elasticnet', 'solver': 'liblinear'}",,,,,,,,1
0.00035915374755859377,5.9804505012373634e-05,0.0,0.0,0.3593813663804626,100,-1,elasticnet,sag,"{'C': np.float64(0.3593813663804626), 'max_iter': 100, 'n_jobs': -1, 'penalty': 'elasticnet', 'solver': 'sag'}",,,,,,,,1
0.0006426811218261719,0.000507229564577913,0.0,0.0,0.3593813663804626,100,-1,elasticnet,saga,"{'C': np.float64(0.3593813663804626), 'max_iter': 100, 'n_jobs': -1, 'penalty': 'elasticnet', 'solver': 'saga'}",,,,,,,,1
0.028914499282836913,0.0028978761943882253,0.0028667449951171875,0.0005384105160848185,0.3593813663804626,200,-1,l2,lbfgs,"{'C': np.float64(0.3593813663804626), 'max_iter': 200, 'n_jobs': -1, 'penalty': 'l2', 'solver': 'lbfgs'}",,,,,,,,1
0.027197885513305663,0.00028349656984401025,0.003199052810668945,0.0005673330758222984,0.3593813663804626,200,-1,l2,newton-cg,"{'C': np.float64(0.3593813663804626), 'max_iter': 200, 'n_jobs': -1, 'penalty': 'l2', 'solver': 'newton-cg'}",,,,,,,,1
0.015315866470336914,0.0011063952571507478,0.0026091575622558595,0.00048045068553845955,0.3593813663804626,200,-1,l2,newton-cholesky,"{'C': np.float64(0.3593813663804626), 'max_iter': 200, 'n_jobs': -1, 'penalty': 'l2', 'solver': 'newton-cholesky'}",,,,,,,,1
0.004881048202514648,0.002205519127954614,0.002589702606201172,0.0006741470217171876,0.3593813663804626,200,-1,l2,liblinear,"{'C': np.float64(0.3593813663804626), 'max_iter': 200, 'n_jobs': -1, 'penalty': 'l2', 'solver': 'liblinear'}",,,,,,,,1
0.04128608703613281,0.0012378242286842749,0.003038167953491211,0.0002580443834168921,0.3593813663804626,200,-1,l2,sag,"{'C': np.float64(0.3593813663804626), 'max_iter': 200, 'n_jobs': -1, 'penalty': 'l2', 'solver': 'sag'}",,,,,,,,1
0.05510568618774414,0.007518992193569484,0.0039029598236083986,0.0007536386681709328,0.3593813663804626,200,-1,l2,saga,"{'C': np.float64(0.3593813663804626), 'max_iter': 200, 'n_jobs': -1, 'penalty': 'l2', 'solver': 'saga'}",,,,,,,,1
0.0005303382873535156,9.347803566227066e-05,0.0,0.0,0.3593813663804626,200,-1,elasticnet,lbfgs,"{'C': np.float64(0.3593813663804626), 'max_iter': 200, 'n_jobs': -1, 'penalty': 'elasticnet', 'solver': 'lbfgs'}",,,,,,,,1
0.0006392955780029297,0.0003957946496625505,0.0,0.0,0.3593813663804626,200,-1,elasticnet,newton-cg,"{'C': np.float64(0.3593813663804626), 'max_iter': 200, 'n_jobs': -1, 'penalty': 'elasticnet', 'solver': 'newton-cg'}",,,,,,,,1
0.00031890869140625,1.1585867383785577e-05,0.0,0.0,0.3593813663804626,200,-1,elasticnet,newton-cholesky,"{'C': np.float64(0.3593813663804626), 'max_iter': 200, 'n_jobs': -1, 'penalty': 'elasticnet', 'solver': 'newton-cholesky'}",,,,,,,,1
0.0006808280944824219,0.0004308124793372891,0.0,0.0,0.3593813663804626,200,-1,elasticnet,liblinear,"{'C': np.float64(0.3593813663804626), 'max_iter': 200, 'n_jobs': -1, 'penalty': 'elasticnet', 'solver': 'liblinear'}",,,,,,,,1
0.00048193931579589846,5.489296677623529e-05,0.0,0.0,0.3593813663804626,200,-1,elasticnet,sag,"{'C': np.float64(0.3593813663804626), 'max_iter': 200, 'n_jobs': -1, 'penalty': 'elasticnet', 'solver': 'sag'}",,,,,,,,1
0.0003452777862548828,3.482556933865141e-05,0.0,0.0,0.3593813663804626,200,-1,elasticnet,saga,"{'C': np.float64(0.3593813663804626), 'max_iter': 200, 'n_jobs': -1, 'penalty': 'elasticnet', 'solver': 'saga'}",,,,,,,,1
0.02852940559387207,0.002631548321528598,0.0025237560272216796,0.0004359666254886415,0.3593813663804626,300,-1,l2,lbfgs,"{'C': np.float64(0.3593813663804626), 'max_iter': 300, 'n_jobs': -1, 'penalty': 'l2', 'solver': 'lbfgs'}",,,,,,,,1
0.030210399627685548,0.002699755667258759,0.0033672332763671877,0.00035352088829175863,0.3593813663804626,300,-1,l2,newton-cg,"{'C': np.float64(0.3593813663804626), 'max_iter': 300, 'n_jobs': -1, 'penalty': 'l2', 'solver': 'newton-cg'}",,,,,,,,1
0.014865303039550781,0.0008769985409910533,0.00293879508972168,0.0004374936984514549,0.3593813663804626,300,-1,l2,newton-cholesky,"{'C': np.float64(0.3593813663804626), 'max_iter': 300, 'n_jobs': -1, 'penalty': 'l2', 'solver': 'newton-cholesky'}",,,,,,,,1
0.0059452056884765625,0.004203611773233696,0.002649211883544922,0.0007639186446491563,0.3593813663804626,300,-1,l2,liblinear,"{'C': np.float64(0.3593813663804626), 'max_iter': 300, 'n_jobs': -1, 'penalty': 'l2', 'solver': 'liblinear'}",,,,,,,,1
0.053453254699707034,0.0028711678701876598,0.0034087657928466796,0.0004503620206012967,0.3593813663804626,300,-1,l2,sag,"{'C': np.float64(0.3593813663804626), 'max_iter': 300, 'n_jobs': -1, 'penalty': 'l2', 'solver': 'sag'}",,,,,,,,1
0.0899439811706543,0.019750409924133235,0.0037536144256591795,0.000878241953024017,0.3593813663804626,300,-1,l2,saga,"{'C': np.float64(0.3593813663804626), 'max_iter': 300, 'n_jobs': -1, 'penalty': 'l2', 'solver': 'saga'}",,,,,,,,1
0.0004941940307617188,0.00010115506635530412,0.0,0.0,0.3593813663804626,300,-1,elasticnet,lbfgs,"{'C': np.float64(0.3593813663804626), 'max_iter': 300, 'n_jobs': -1, 'penalty': 'elasticnet', 'solver': 'lbfgs'}",,,,,,,,1
0.0004931926727294922,7.730905421112517e-05,0.0,0.0,0.3593813663804626,300,-1,elasticnet,newton-cg,"{'C': np.float64(0.3593813663804626), 'max_iter': 300, 'n_jobs': -1, 'penalty': 'elasticnet', 'solver': 'newton-cg'}",,,,,,,,1
0.0004237651824951172,0.00010859463519906885,0.0,0.0,0.3593813663804626,300,-1,elasticnet,newton-cholesky,"{'C': np.float64(0.3593813663804626), 'max_iter': 300, 'n_jobs': -1, 'penalty': 'elasticnet', 'solver': 'newton-cholesky'}",,,,,,,,1
0.00041880607604980467,3.9101693674359575e-05,0.0,0.0,0.3593813663804626,300,-1,elasticnet,liblinear,"{'C': np.float64(0.3593813663804626), 'max_iter': 300, 'n_jobs': -1, 'penalty': 'elasticnet', 'solver': 'liblinear'}",,,,,,,,1
0.0003132343292236328,8.186337221257026e-06,0.0,0.0,0.3593813663804626,300,-1,elasticnet,sag,"{'C': np.float64(0.3593813663804626), 'max_iter': 300, 'n_jobs': -1, 'penalty': 'elasticnet', 'solver': 'sag'}",,,,,,,,1
0.0003041744232177734,5.9315935917833854e-06,0.0,0.0,0.3593813663804626,300,-1,elasticnet,saga,"{'C': np.float64(0.3593813663804626), 'max_iter': 300, 'n_jobs': -1, 'penalty': 'elasticnet', 'solver': 'saga'}",,,,,,,,1
0.020351743698120116,0.005303219160490077,0.0025892257690429688,0.0005479520213341622,2.782559402207126,100,-1,l2,lbfgs,"{'C': np.float64(2.782559402207126), 'max_iter': 100, 'n_jobs': -1, 'penalty': 'l2', 'solver': 'lbfgs'}",,,,,,,,1
0.030699777603149413,0.003564563130997435,0.003267240524291992,0.00032251181442099445,2.782559402207126,100,-1,l2,newton-cg,"{'C': np.float64(2.782559402207126), 'max_iter': 100, 'n_jobs': -1, 'penalty': 'l2', 'solver': 'newton-cg'}",,,,,,,,1
0.016092538833618164,0.0006570003671077557,0.0032822132110595704,0.00034403755031985934,2.782559402207126,100,-1,l2,newton-cholesky,"{'C': np.float64(2.782559402207126), 'max_iter': 100, 'n_jobs': -1, 'penalty': 'l2', 'solver': 'newton-cholesky'}",,,,,,,,1
0.00364069938659668,0.0002757787776609644,0.002140378952026367,0.0005215384178114203,2.782559402207126,100,-1,l2,liblinear,"{'C': np.float64(2.782559402207126), 'max_iter': 100, 'n_jobs': -1, 'penalty': 'l2', 'solver': 'liblinear'}",,,,,,,,1
0.0261383056640625,0.00244618209945547,0.0032819271087646484,0.0007913076737435345,2.782559402207126,100,-1,l2,sag,"{'C': np.float64(2.782559402207126), 'max_iter': 100, 'n_jobs': -1, 'penalty': 'l2', 'solver': 'sag'}",,,,,,,,1
0.03000354766845703,0.002162331810944311,0.00334315299987793,0.0004908507926576634,2.782559402207126,100,-1,l2,saga,"{'C': np.float64(2.782559402207126), 'max_iter': 100, 'n_jobs': -1, 'penalty': 'l2', 'solver': 'saga'}",,,,,,,,1
0.0004923343658447266,0.00012805941064406547,0.0,0.0,2.782559402207126,100,-1,elasticnet,lbfgs,"{'C': np.float64(2.782559402207126), 'max_iter': 100, 'n_jobs': -1, 'penalty': 'elasticnet', 'solver': 'lbfgs'}",,,,,,,,1
0.0003627777099609375,6.542581152644792e-06,0.0,0.0,2.782559402207126,100,-1,elasticnet,newton-cg,"{'C': np.float64(2.782559402207126), 'max_iter': 100, 'n_jobs': -1, 'penalty': 'elasticnet', 'solver': 'newton-cg'}",,,,,,,,1
0.00037512779235839846,5.0731215979537395e-05,0.0,0.0,2.782559402207126,100,-1,elasticnet,newton-cholesky,"{'C': np.float64(2.782559402207126), 'max_iter': 100, 'n_jobs': -1, 'penalty': 'elasticnet', 'solver': 'newton-cholesky'}",,,,,,,,1
0.0003104686737060547,2.265172247208179e-05,0.0,0.0,2.782559402207126,100,-1,elasticnet,liblinear,"{'C': np.float64(2.782559402207126), 'max_iter': 100, 'n_jobs': -1, 'penalty': 'elasticnet', 'solver': 'liblinear'}",,,,,,,,1
0.0003852367401123047,0.00010904280605941175,0.0,0.0,2.782559402207126,100,-1,elasticnet,sag,"{'C': np.float64(2.782559402207126), 'max_iter': 100, 'n_jobs': -1, 'penalty': 'elasticnet', 'solver': 'sag'}",,,,,,,,1
0.0002837657928466797,6.243472024281658e-06,0.0,0.0,2.782559402207126,100,-1,elasticnet,saga,"{'C': np.float64(2.782559402207126), 'max_iter': 100, 'n_jobs': -1, 'penalty': 'elasticnet', 'solver': 'saga'}",,,,,,,,1
0.02469935417175293,0.00384435199513382,0.0033510208129882814,0.00035056406311666965,2.782559402207126,200,-1,l2,lbfgs,"{'C': np.float64(2.782559402207126), 'max_iter': 200, 'n_jobs': -1, 'penalty': 'l2', 'solver': 'lbfgs'}",,,,,,,,1
0.03062920570373535,0.00614211199172151,0.0038889408111572265,0.0013628446239516976,2.782559402207126,200,-1,l2,newton-cg,"{'C': np.float64(2.782559402207126), 'max_iter': 200, 'n_jobs': -1, 'penalty': 'l2', 'solver': 'newton-cg'}",,,,,,,,1
0.01916041374206543,0.0032016032466574587,0.003325223922729492,0.00022189165138214025,2.782559402207126,200,-1,l2,newton-cholesky,"{'C': np.float64(2.782559402207126), 'max_iter': 200, 'n_jobs': -1, 'penalty': 'l2', 'solver': 'newton-cholesky'}",,,,,,,,1
0.004782485961914063,0.0005562134354629643,0.0023285388946533204,0.0004051455157524187,2.782559402207126,200,-1,l2,liblinear,"{'C': np.float64(2.782559402207126), 'max_iter': 200, 'n_jobs': -1, 'penalty': 'l2', 'solver': 'liblinear'}",,,,,,,,1
0.045050048828125,0.005168186941490934,0.0034968376159667967,0.0005724592913560356,2.782559402207126,200,-1,l2,sag,"{'C': np.float64(2.782559402207126), 'max_iter': 200, 'n_jobs': -1, 'penalty': 'l2', 'solver': 'sag'}",,,,,,,,1
0.0631253719329834,0.0051532694501673125,0.003462553024291992,0.00030523102230542703,2.782559402207126,200,-1,l2,saga,"{'C': np.float64(2.782559402207126), 'max_iter': 200, 'n_jobs': -1, 'penalty': 'l2', 'solver': 'saga'}",,,,,,,,1
0.0005322456359863281,5.0721354778737134e-05,0.0,0.0,2.782559402207126,200,-1,elasticnet,lbfgs,"{'C': np.float64(2.782559402207126), 'max_iter': 200, 'n_jobs': -1, 'penalty': 'elasticnet', 'solver': 'lbfgs'}",,,,,,,,1
0.0006123065948486328,9.64774147649536e-05,0.0,0.0,2.782559402207126,200,-1,elasticnet,newton-cg,"{'C': np.float64(2.782559402207126), 'max_iter': 200, 'n_jobs': -1, 'penalty': 'elasticnet', 'solver': 'newton-cg'}",,,,,,,,1
0.0006220340728759766,0.00020413336924169937,0.0,0.0,2.782559402207126,200,-1,elasticnet,newton-cholesky,"{'C': np.float64(2.782559402207126), 'max_iter': 200, 'n_jobs': -1, 'penalty': 'elasticnet', 'solver': 'newton-cholesky'}",,,,,,,,1
0.0006579875946044922,0.00013622273720465306,0.0,0.0,2.782559402207126,200,-1,elasticnet,liblinear,"{'C': np.float64(2.782559402207126), 'max_iter': 200, 'n_jobs': -1, 'penalty': 'elasticnet', 'solver': 'liblinear'}",,,,,,,,1
0.0006021499633789062,0.0001910720824410872,0.0,0.0,2.782559402207126,200,-1,elasticnet,sag,"{'C': np.float64(2.782559402207126), 'max_iter': 200, 'n_jobs': -1, 'penalty': 'elasticnet', 'solver': 'sag'}",,,,,,,,1
0.0004494190216064453,9.286114427423164e-05,0.0,0.0,2.782559402207126,200,-1,elasticnet,saga,"{'C': np.float64(2.782559402207126), 'max_iter': 200, 'n_jobs': -1, 'penalty': 'elasticnet', 'solver': 'saga'}",,,,,,,,1
0.023463106155395506,0.005912502741045545,0.0034099102020263674,0.0005015921984310282,2.782559402207126,300,-1,l2,lbfgs,"{'C': np.float64(2.782559402207126), 'max_iter': 300, 'n_jobs': -1, 'penalty': 'l2', 'solver': 'lbfgs'}",,,,,,,,1
0.03560209274291992,0.006663842690723981,0.004105377197265625,0.0008153742849743804,2.782559402207126,300,-1,l2,newton-cg,"{'C': np.float64(2.782559402207126), 'max_iter': 300, 'n_jobs': -1, 'penalty': 'l2', 'solver': 'newton-cg'}",,,,,,,,1
0.01907339096069336,0.0036143395525607505,0.0034741878509521483,0.0005231731265862384,2.782559402207126,300,-1,l2,newton-cholesky,"{'C': np.float64(2.782559402207126), 'max_iter': 300, 'n_jobs': -1, 'penalty': 'l2', 'solver': 'newton-cholesky'}",,,,,,,,1
0.0063035011291503905,0.0008303134560301698,0.0030931472778320313,0.0003166059985050822,2.782559402207126,300,-1,l2,liblinear,"{'C': np.float64(2.782559402207126), 'max_iter': 300, 'n_jobs': -1, 'penalty': 'l2', 'solver': 'liblinear'}",,,,,,,,1
0.08152766227722168,0.013424410983953056,0.003937578201293946,0.0007264042895388789,2.782559402207126,300,-1,l2,sag,"{'C': np.float64(2.782559402207126), 'max_iter': 300, 'n_jobs': -1, 'penalty': 'l2', 'solver': 'sag'}",,,,,,,,1
0.08948078155517578,0.019011703358419004,0.003710651397705078,0.000486796083661031,2.782559402207126,300,-1,l2,saga,"{'C': np.float64(2.782559402207126), 'max_iter': 300, 'n_jobs': -1, 'penalty': 'l2', 'solver': 'saga'}",,,,,,,,1
0.0006529808044433594,0.0002105596701553918,0.0,0.0,2.782559402207126,300,-1,elasticnet,lbfgs,"{'C': np.float64(2.782559402207126), 'max_iter': 300, 'n_jobs': -1, 'penalty': 'elasticnet', 'solver': 'lbfgs'}",,,,,,,,1
0.0004711151123046875,4.317944115704259e-06,0.0,0.0,2.782559402207126,300,-1,elasticnet,newton-cg,"{'C': np.float64(2.782559402207126), 'max_iter': 300, 'n_jobs': -1, 'penalty': 'elasticnet', 'solver': 'newton-cg'}",,,,,,,,1
0.0005475521087646484,0.00016971434975994283,0.0,0.0,2.782559402207126,300,-1,elasticnet,newton-cholesky,"{'C': np.float64(2.782559402207126), 'max_iter': 300, 'n_jobs': -1, 'penalty': 'elasticnet', 'solver': 'newton-cholesky'}",,,,,,,,1
0.0006567001342773438,0.0002446281326673368,0.0,0.0,2.782559402207126,300,-1,elasticnet,liblinear,"{'C': np.float64(2.782559402207126), 'max_iter': 300, 'n_jobs': -1, 'penalty': 'elasticnet', 'solver': 'liblinear'}",,,,,,,,1
0.0006100654602050782,7.331538392310694e-05,0.0,0.0,2.782559402207126,300,-1,elasticnet,sag,"{'C': np.float64(2.782559402207126), 'max_iter': 300, 'n_jobs': -1, 'penalty': 'elasticnet', 'solver': 'sag'}",,,,,,,,1
0.0006040096282958985,0.0001187099106007409,0.0,0.0,2.782559402207126,300,-1,elasticnet,saga,"{'C': np.float64(2.782559402207126), 'max_iter': 300, 'n_jobs': -1, 'penalty': 'elasticnet', 'solver': 'saga'}",,,,,,,,1
0.03123893737792969,0.0026949830586543255,0.0033904075622558593,0.00023800721920773005,21.54434690031882,100,-1,l2,lbfgs,"{'C': np.float64(21.54434690031882), 'max_iter': 100, 'n_jobs': -1, 'penalty': 'l2', 'solver': 'lbfgs'}",,,,,,,,1
0.06301693916320801,0.020239807097191004,0.011510086059570313,0.011340139391002858,21.54434690031882,100,-1,l2,newton-cg,"{'C': np.float64(21.54434690031882), 'max_iter': 100, 'n_jobs': -1, 'penalty': 'l2', 'solver': 'newton-cg'}",,,,,,,,1
0.025216150283813476,0.009886077876930344,0.003474712371826172,0.00019539475338794832,21.54434690031882,100,-1,l2,newton-cholesky,"{'C': np.float64(21.54434690031882), 'max_iter': 100, 'n_jobs': -1, 'penalty': 'l2', 'solver': 'newton-cholesky'}",,,,,,,,1
0.01257023811340332,0.004957166426621795,0.022655773162841796,0.022242455671517013,21.54434690031882,100,-1,l2,liblinear,"{'C': np.float64(21.54434690031882), 'max_iter': 100, 'n_jobs': -1, 'penalty': 'l2', 'solver': 'liblinear'}",,,,,,,,1
0.03774094581604004,0.00957970785215628,0.008725595474243165,0.0059635880780942166,21.54434690031882,100,-1,l2,sag,"{'C': np.float64(21.54434690031882), 'max_iter': 100, 'n_jobs': -1, 'penalty': 'l2', 'solver': 'sag'}",,,,,,,,1
0.036121368408203125,0.004804426617406234,0.005047273635864258,0.001998704590512083,21.54434690031882,100,-1,l2,saga,"{'C': np.float64(21.54434690031882), 'max_iter': 100, 'n_jobs': -1, 'penalty': 'l2', 'solver': 'saga'}",,,,,,,,1
0.0006261348724365234,0.0002932467653353515,0.0,0.0,21.54434690031882,100,-1,elasticnet,lbfgs,"{'C': np.float64(21.54434690031882), 'max_iter': 100, 'n_jobs': -1, 'penalty': 'elasticnet', 'solver': 'lbfgs'}",,,,,,,,1
0.0006194114685058594,0.0002602262939259855,0.0,0.0,21.54434690031882,100,-1,elasticnet,newton-cg,"{'C': np.float64(21.54434690031882), 'max_iter': 100, 'n_jobs': -1, 'penalty': 'elasticnet', 'solver': 'newton-cg'}",,,,,,,,1
0.0013193607330322266,0.0016372664957425601,0.0,0.0,21.54434690031882,100,-1,elasticnet,newton-cholesky,"{'C': np.float64(21.54434690031882), 'max_iter': 100, 'n_jobs': -1, 'penalty': 'elasticnet', 'solver': 'newton-cholesky'}",,,,,,,,1
0.0005023479461669922,0.00011264393534590399,0.0,0.0,21.54434690031882,100,-1,elasticnet,liblinear,"{'C': np.float64(21.54434690031882), 'max_iter': 100, 'n_jobs': -1, 'penalty': 'elasticnet', 'solver': 'liblinear'}",,,,,,,,1
0.0004985809326171875,4.540816882422015e-05,0.0,0.0,21.54434690031882,100,-1,elasticnet,sag,"{'C': np.float64(21.54434690031882), 'max_iter': 100, 'n_jobs': -1, 'penalty': 'elasticnet', 'solver': 'sag'}",,,,,,,,1
0.0006169795989990235,5.701752280162959e-05,0.0,0.0,21.54434690031882,100,-1,elasticnet,saga,"{'C': np.float64(21.54434690031882), 'max_iter': 100, 'n_jobs': -1, 'penalty': 'elasticnet', 'solver': 'saga'}",,,,,,,,1
0.032915592193603516,0.008645521583881988,0.0035805702209472656,0.0006071639455634315,21.54434690031882,200,-1,l2,lbfgs,"{'C': np.float64(21.54434690031882), 'max_iter': 200, 'n_jobs': -1, 'penalty': 'l2', 'solver': 'lbfgs'}",,,,,,,,1
0.053041505813598636,0.015949295114618057,0.005963039398193359,0.003814437661874222,21.54434690031882,200,-1,l2,newton-cg,"{'C': np.float64(21.54434690031882), 'max_iter': 200, 'n_jobs': -1, 'penalty': 'l2', 'solver': 'newton-cg'}",,,,,,,,1
0.021672868728637697,0.002271579611952656,0.005010986328125,0.0012543763659475335,21.54434690031882,200,-1,l2,newton-cholesky,"{'C': np.float64(21.54434690031882), 'max_iter': 200, 'n_jobs': -1, 'penalty': 'l2', 'solver': 'newton-cholesky'}",,,,,,,,1
0.013007593154907227,0.00534443821526997,0.004590463638305664,0.0024745997844802838,21.54434690031882,200,-1,l2,liblinear,"{'C': np.float64(21.54434690031882), 'max_iter': 200, 'n_jobs': -1, 'penalty': 'l2', 'solver': 'liblinear'}",,,,,,,,1
0.07376775741577149,0.01012872051058345,0.011825895309448243,0.014113048121411056,21.54434690031882,200,-1,l2,sag,"{'C': np.float64(21.54434690031882), 'max_iter': 200, 'n_jobs': -1, 'penalty': 'l2', 'solver': 'sag'}",,,,,,,,1
0.06402645111083985,0.00832715481155227,0.004687595367431641,0.0016033519255098932,21.54434690031882,200,-1,l2,saga,"{'C': np.float64(21.54434690031882), 'max_iter': 200, 'n_jobs': -1, 'penalty': 'l2', 'solver': 'saga'}",,,,,,,,1
0.0006009101867675781,0.00025570952691655565,0.0,0.0,21.54434690031882,200,-1,elasticnet,lbfgs,"{'C': np.float64(21.54434690031882), 'max_iter': 200, 'n_jobs': -1, 'penalty': 'elasticnet', 'solver': 'lbfgs'}",,,,,,,,1
0.0006634712219238282,0.00018164538095176978,0.0,0.0,21.54434690031882,200,-1,elasticnet,newton-cg,"{'C': np.float64(21.54434690031882), 'max_iter': 200, 'n_jobs': -1, 'penalty': 'elasticnet', 'solver': 'newton-cg'}",,,,,,,,1
0.0005168437957763672,9.421527595182211e-05,0.0,0.0,21.54434690031882,200,-1,elasticnet,newton-cholesky,"{'C': np.float64(21.54434690031882), 'max_iter': 200, 'n_jobs': -1, 'penalty': 'elasticnet', 'solver': 'newton-cholesky'}",,,,,,,,1
0.0005646705627441406,6.84690008887897e-05,0.0,0.0,21.54434690031882,200,-1,elasticnet,liblinear,"{'C': np.float64(21.54434690031882), 'max_iter': 200, 'n_jobs': -1, 'penalty': 'elasticnet', 'solver': 'liblinear'}",,,,,,,,1
0.0007009506225585938,0.00021344176118948707,0.0,0.0,21.54434690031882,200,-1,elasticnet,sag,"{'C': np.float64(21.54434690031882), 'max_iter': 200, 'n_jobs': -1, 'penalty': 'elasticnet', 'solver': 'sag'}",,,,,,,,1
0.0006135940551757812,9.19273035538342e-05,0.0,0.0,21.54434690031882,200,-1,elasticnet,saga,"{'C': np.float64(21.54434690031882), 'max_iter': 200, 'n_jobs': -1, 'penalty': 'elasticnet', 'solver': 'saga'}",,,,,,,,1
0.042043447494506836,0.00585926795707407,0.007977914810180665,0.00842200319882852,21.54434690031882,300,-1,l2,lbfgs,"{'C': np.float64(21.54434690031882), 'max_iter': 300, 'n_jobs': -1, 'penalty': 'l2', 'solver': 'lbfgs'}",,,,,,,,1
0.0425837516784668,0.009004035948441583,0.004826211929321289,0.00208381943367646,21.54434690031882,300,-1,l2,newton-cg,"{'C': np.float64(21.54434690031882), 'max_iter': 300, 'n_jobs': -1, 'penalty': 'l2', 'solver': 'newton-cg'}",,,,,,,,1
0.018181037902832032,0.0009524451011040834,0.0038720130920410155,0.00024750267491244063,21.54434690031882,300,-1,l2,newton-cholesky,"{'C': np.float64(21.54434690031882), 'max_iter': 300, 'n_jobs': -1, 'penalty': 'l2', 'solver': 'newton-cholesky'}",,,,,,,,1
0.013542079925537109,0.002939369575111964,0.008425140380859375,0.009217813298972343,21.54434690031882,300,-1,l2,liblinear,"{'C': np.float64(21.54434690031882), 'max_iter': 300, 'n_jobs': -1, 'penalty': 'l2', 'solver': 'liblinear'}",,,,,,,,1
0.12032589912414551,0.026735162649811104,0.008744907379150391,0.005500684029337932,21.54434690031882,300,-1,l2,sag,"{'C': np.float64(21.54434690031882), 'max_iter': 300, 'n_jobs': -1, 'penalty': 'l2', 'solver': 'sag'}",,,,,,,,1
0.13521900177001953,0.02884963788257598,0.0057011604309082035,0.004413117871924848,21.54434690031882,300,-1,l2,saga,"{'C': np.float64(21.54434690031882), 'max_iter': 300, 'n_jobs': -1, 'penalty': 'l2', 'solver': 'saga'}",,,,,,,,1
0.0005456447601318359,8.354652404886179e-05,0.0,0.0,21.54434690031882,300,-1,elasticnet,lbfgs,"{'C': np.float64(21.54434690031882), 'max_iter': 300, 'n_jobs': -1, 'penalty': 'elasticnet', 'solver': 'lbfgs'}",,,,,,,,1
0.0004795074462890625,1.158763350715953e-05,0.0,0.0,21.54434690031882,300,-1,elasticnet,newton-cg,"{'C': np.float64(21.54434690031882), 'max_iter': 300, 'n_jobs': -1, 'penalty': 'elasticnet', 'solver': 'newton-cg'}",,,,,,,,1
0.0005711555480957031,0.00017549930553488138,0.0,0.0,21.54434690031882,300,-1,elasticnet,newton-cholesky,"{'C': np.float64(21.54434690031882), 'max_iter': 300, 'n_jobs': -1, 'penalty': 'elasticnet', 'solver': 'newton-cholesky'}",,,,,,,,1
0.0005548477172851562,5.8668878193994414e-05,0.0,0.0,21.54434690031882,300,-1,elasticnet,liblinear,"{'C': np.float64(21.54434690031882), 'max_iter': 300, 'n_jobs': -1, 'penalty': 'elasticnet', 'solver': 'liblinear'}",,,,,,,,1
0.00047092437744140626,5.885414659734857e-06,0.0,0.0,21.54434690031882,300,-1,elasticnet,sag,"{'C': np.float64(21.54434690031882), 'max_iter': 300, 'n_jobs': -1, 'penalty': 'elasticnet', 'solver': 'sag'}",,,,,,,,1
0.0010141849517822266,0.0010727051416952822,0.0,0.0,21.54434690031882,300,-1,elasticnet,saga,"{'C': np.float64(21.54434690031882), 'max_iter': 300, 'n_jobs': -1, 'penalty': 'elasticnet', 'solver': 'saga'}",,,,,,,,1
0.03218865394592285,0.007760476532652998,0.004249095916748047,0.0006472691811503266,166.81005372000558,100,-1,l2,lbfgs,"{'C': np.float64(166.81005372000558), 'max_iter': 100, 'n_jobs': -1, 'penalty': 'l2', 'solver': 'lbfgs'}",,,,,,,,1
0.046122407913208006,0.013076616833581496,0.0037448883056640627,0.0005932522779001014,166.81005372000558,100,-1,l2,newton-cg,"{'C': np.float64(166.81005372000558), 'max_iter': 100, 'n_jobs': -1, 'penalty': 'l2', 'solver': 'newton-cg'}",,,,,,,,1
0.016290569305419923,0.0008873542687605093,0.0033890247344970704,0.0002588602468732291,166.81005372000558,100,-1,l2,newton-cholesky,"{'C': np.float64(166.81005372000558), 'max_iter': 100, 'n_jobs': -1, 'penalty': 'l2', 'solver': 'newton-cholesky'}",,,,,,,,1
0.03572025299072266,0.03495359813633752,0.007830810546875,0.005137425050070185,166.81005372000558,100,-1,l2,liblinear,"{'C': np.float64(166.81005372000558), 'max_iter': 100, 'n_jobs': -1, 'penalty': 'l2', 'solver': 'liblinear'}",,,,,,,,1
0.05768294334411621,0.01594131336715654,0.007307815551757813,0.0045821264804490865,166.81005372000558,100,-1,l2,sag,"{'C': np.float64(166.81005372000558), 'max_iter': 100, 'n_jobs': -1, 'penalty': 'l2', 'solver': 'sag'}",,,,,,,,1
0.05242934226989746,0.012067586744734344,0.005041837692260742,0.001298183370214731,166.81005372000558,100,-1,l2,saga,"{'C': np.float64(166.81005372000558), 'max_iter': 100, 'n_jobs': -1, 'penalty': 'l2', 'solver': 'saga'}",,,,,,,,1
0.0006721973419189453,0.00012446642778303593,0.0,0.0,166.81005372000558,100,-1,elasticnet,lbfgs,"{'C': np.float64(166.81005372000558), 'max_iter': 100, 'n_jobs': -1, 'penalty': 'elasticnet', 'solver': 'lbfgs'}",,,,,,,,1
0.0008759975433349609,0.0005254126770232454,0.0,0.0,166.81005372000558,100,-1,elasticnet,newton-cg,"{'C': np.float64(166.81005372000558), 'max_iter': 100, 'n_jobs': -1, 'penalty': 'elasticnet', 'solver': 'newton-cg'}",,,,,,,,1
0.0004885196685791016,7.180334830662725e-05,0.0,0.0,166.81005372000558,100,-1,elasticnet,newton-cholesky,"{'C': np.float64(166.81005372000558), 'max_iter': 100, 'n_jobs': -1, 'penalty': 'elasticnet', 'solver': 'newton-cholesky'}",,,,,,,,1
0.0005388259887695312,9.747407636722547e-05,0.0,0.0,166.81005372000558,100,-1,elasticnet,liblinear,"{'C': np.float64(166.81005372000558), 'max_iter': 100, 'n_jobs': -1, 'penalty': 'elasticnet', 'solver': 'liblinear'}",,,,,,,,1
0.0007173538208007813,0.0005043727859624686,0.0,0.0,166.81005372000558,100,-1,elasticnet,sag,"{'C': np.float64(166.81005372000558), 'max_iter': 100, 'n_jobs': -1, 'penalty': 'elasticnet', 'solver': 'sag'}",,,,,,,,1
0.0011597633361816405,0.0007171170113352265,0.0,0.0,166.81005372000558,100,-1,elasticnet,saga,"{'C': np.float64(166.81005372000558), 'max_iter': 100, 'n_jobs': -1, 'penalty': 'elasticnet', 'solver': 'saga'}",,,,,,,,1
0.038037443161010744,0.003065050606887592,0.00416417121887207,0.0015991932859714412,166.81005372000558,200,-1,l2,lbfgs,"{'C': np.float64(166.81005372000558), 'max_iter': 200, 'n_jobs': -1, 'penalty': 'l2', 'solver': 'lbfgs'}",,,,,,,,1
0.04709014892578125,0.009139281913049578,0.0035455703735351564,0.00030324647931946657,166.81005372000558,200,-1,l2,newton-cg,"{'C': np.float64(166.81005372000558), 'max_iter': 200, 'n_jobs': -1, 'penalty': 'l2', 'solver': 'newton-cg'}",,,,,,,,1
0.021587562561035157,0.00409089580136801,0.004456663131713867,0.0014753389265973712,166.81005372000558,200,-1,l2,newton-cholesky,"{'C': np.float64(166.81005372000558), 'max_iter': 200, 'n_jobs': -1, 'penalty': 'l2', 'solver': 'newton-cholesky'}",,,,,,,,1
0.018831539154052734,0.01379256485391699,0.014023542404174805,0.013022203678430452,166.81005372000558,200,-1,l2,liblinear,"{'C': np.float64(166.81005372000558), 'max_iter': 200, 'n_jobs': -1, 'penalty': 'l2', 'solver': 'liblinear'}",,,,,,,,1
0.059049558639526364,0.02034333612025306,0.005431365966796875,0.0021446993364043774,166.81005372000558,200,-1,l2,sag,"{'C': np.float64(166.81005372000558), 'max_iter': 200, 'n_jobs': -1, 'penalty': 'l2', 'solver': 'sag'}",,,,,,,,1
0.06862959861755372,0.008038383531761558,0.005347776412963867,0.002515682977420352,166.81005372000558,200,-1,l2,saga,"{'C': np.float64(166.81005372000558), 'max_iter': 200, 'n_jobs': -1, 'penalty': 'l2', 'solver': 'saga'}",,,,,,,,1
0.0007380008697509766,0.0001646566141739485,0.0,0.0,166.81005372000558,200,-1,elasticnet,lbfgs,"{'C': np.float64(166.81005372000558), 'max_iter': 200, 'n_jobs': -1, 'penalty': 'elasticnet', 'solver': 'lbfgs'}",,,,,,,,1
0.0008383750915527344,0.0005032868950124896,0.0,0.0,166.81005372000558,200,-1,elasticnet,newton-cg,"{'C': np.float64(166.81005372000558), 'max_iter': 200, 'n_jobs': -1, 'penalty': 'elasticnet', 'solver': 'newton-cg'}",,,,,,,,1
0.0005688667297363281,5.489284251226515e-05,0.0,0.0,166.81005372000558,200,-1,elasticnet,newton-cholesky,"{'C': np.float64(166.81005372000558), 'max_iter': 200, 'n_jobs': -1, 'penalty': 'elasticnet', 'solver': 'newton-cholesky'}",,,,,,,,1
0.0005171775817871093,9.975444746284467e-05,0.0,0.0,166.81005372000558,200,-1,elasticnet,liblinear,"{'C': np.float64(166.81005372000558), 'max_iter': 200, 'n_jobs': -1, 'penalty': 'elasticnet', 'solver': 'liblinear'}",,,,,,,,1
0.0005653858184814453,6.165001045439459e-05,0.0,0.0,166.81005372000558,200,-1,elasticnet,sag,"{'C': np.float64(166.81005372000558), 'max_iter': 200, 'n_jobs': -1, 'penalty': 'elasticnet', 'solver': 'sag'}",,,,,,,,1
0.0004914283752441406,5.1083794207570835e-05,0.0,0.0,166.81005372000558,200,-1,elasticnet,saga,"{'C': np.float64(166.81005372000558), 'max_iter': 200, 'n_jobs': -1, 'penalty': 'elasticnet', 'solver': 'saga'}",,,,,,,,1
0.03304777145385742,0.005426382018251994,0.004680442810058594,0.0007045619636369708,166.81005372000558,300,-1,l2,lbfgs,"{'C': np.float64(166.81005372000558), 'max_iter': 300, 'n_jobs': -1, 'penalty': 'l2', 'solver': 'lbfgs'}",,,,,,,,1
0.043657875061035155,0.003263011469229791,0.0041473388671875,0.0015449790628509503,166.81005372000558,300,-1,l2,newton-cg,"{'C': np.float64(166.81005372000558), 'max_iter': 300, 'n_jobs': -1, 'penalty': 'l2', 'solver': 'newton-cg'}",,,,,,,,1
0.021967554092407228,0.005780956526719748,0.004155015945434571,0.0005836863248503908,166.81005372000558,300,-1,l2,newton-cholesky,"{'C': np.float64(166.81005372000558), 'max_iter': 300, 'n_jobs': -1, 'penalty': 'l2', 'solver': 'newton-cholesky'}",,,,,,,,1
0.026135063171386717,0.027495864660817437,0.006033706665039063,0.0027736211512886916,166.81005372000558,300,-1,l2,liblinear,"{'C': np.float64(166.81005372000558), 'max_iter': 300, 'n_jobs': -1, 'penalty': 'l2', 'solver': 'liblinear'}",,,,,,,,1
0.13003149032592773,0.030097864631384176,0.0043239593505859375,0.0008097445410511594,166.81005372000558,300,-1,l2,sag,"{'C': np.float64(166.81005372000558), 'max_iter': 300, 'n_jobs': -1, 'penalty': 'l2', 'solver': 'sag'}",,,,,,,,1
0.11726746559143067,0.010137778533436604,0.004339694976806641,0.0014260048051970044,166.81005372000558,300,-1,l2,saga,"{'C': np.float64(166.81005372000558), 'max_iter': 300, 'n_jobs': -1, 'penalty': 'l2', 'solver': 'saga'}",,,,,,,,1
0.0005402565002441406,8.224590921014673e-05,0.0,0.0,166.81005372000558,300,-1,elasticnet,lbfgs,"{'C': np.float64(166.81005372000558), 'max_iter': 300, 'n_jobs': -1, 'penalty': 'elasticnet', 'solver': 'lbfgs'}",,,,,,,,1
0.001601409912109375,0.0020657186045952903,0.0,0.0,166.81005372000558,300,-1,elasticnet,newton-cg,"{'C': np.float64(166.81005372000558), 'max_iter': 300, 'n_jobs': -1, 'penalty': 'elasticnet', 'solver': 'newton-cg'}",,,,,,,,1
0.0005958080291748047,0.00023050561737004865,0.0,0.0,166.81005372000558,300,-1,elasticnet,newton-cholesky,"{'C': np.float64(166.81005372000558), 'max_iter': 300, 'n_jobs': -1, 'penalty': 'elasticnet', 'solver': 'newton-cholesky'}",,,,,,,,1
0.0005928993225097657,0.00018450692413815673,0.0,0.0,166.81005372000558,300,-1,elasticnet,liblinear,"{'C': np.float64(166.81005372000558), 'max_iter': 300, 'n_jobs': -1, 'penalty': 'elasticnet', 'solver': 'liblinear'}",,,,,,,,1
0.0004771232604980469,8.402893618994666e-06,0.0,0.0,166.81005372000558,300,-1,elasticnet,sag,"{'C': np.float64(166.81005372000558), 'max_iter': 300, 'n_jobs': -1, 'penalty': 'elasticnet', 'solver': 'sag'}",,,,,,,,1
0.00046410560607910154,7.0944652227009925e-06,0.0,0.0,166.81005372000558,300,-1,elasticnet,saga,"{'C': np.float64(166.81005372000558), 'max_iter': 300, 'n_jobs': -1, 'penalty': 'elasticnet', 'solver': 'saga'}",,,,,,,,1
0.03160181045532227,0.004381275717246453,0.006419515609741211,0.003676571983645071,1291.5496650148827,100,-1,l2,lbfgs,"{'C': np.float64(1291.5496650148827), 'max_iter': 100, 'n_jobs': -1, 'penalty': 'l2', 'solver': 'lbfgs'}",,,,,,,,1
0.06042771339416504,0.009972255165170803,0.005642461776733399,0.0034087547718852705,1291.5496650148827,100,-1,l2,newton-cg,"{'C': np.float64(1291.5496650148827), 'max_iter': 100, 'n_jobs': -1, 'penalty': 'l2', 'solver': 'newton-cg'}",,,,,,,,1
0.0416412353515625,0.006772722995415765,0.004159784317016602,0.0014490149155139088,1291.5496650148827,100,-1,l2,newton-cholesky,"{'C': np.float64(1291.5496650148827), 'max_iter': 100, 'n_jobs': -1, 'penalty': 'l2', 'solver': 'newton-cholesky'}",,,,,,,,1
0.017140769958496095,0.009043723879138446,0.005856990814208984,0.0031927425797541376,1291.5496650148827,100,-1,l2,liblinear,"{'C': np.float64(1291.5496650148827), 'max_iter': 100, 'n_jobs': -1, 'penalty': 'l2', 'solver': 'liblinear'}",,,,,,,,1
0.0452272891998291,0.01396665196129876,0.004108810424804687,0.0007558968551261098,1291.5496650148827,100,-1,l2,sag,"{'C': np.float64(1291.5496650148827), 'max_iter': 100, 'n_jobs': -1, 'penalty': 'l2', 'solver': 'sag'}",,,,,,,,1
0.04911017417907715,0.018947031522028156,0.006571388244628907,0.00381384025006717,1291.5496650148827,100,-1,l2,saga,"{'C': np.float64(1291.5496650148827), 'max_iter': 100, 'n_jobs': -1, 'penalty': 'l2', 'solver': 'saga'}",,,,,,,,1
0.0006005764007568359,0.0001786619176007399,0.0,0.0,1291.5496650148827,100,-1,elasticnet,lbfgs,"{'C': np.float64(1291.5496650148827), 'max_iter': 100, 'n_jobs': -1, 'penalty': 'elasticnet', 'solver': 'lbfgs'}",,,,,,,,1
0.0005503654479980469,0.0001139396976578621,0.0,0.0,1291.5496650148827,100,-1,elasticnet,newton-cg,"{'C': np.float64(1291.5496650148827), 'max_iter': 100, 'n_jobs': -1, 'penalty': 'elasticnet', 'solver': 'newton-cg'}",,,,,,,,1
0.0005915641784667968,0.00023534835954780318,0.0,0.0,1291.5496650148827,100,-1,elasticnet,newton-cholesky,"{'C': np.float64(1291.5496650148827), 'max_iter': 100, 'n_jobs': -1, 'penalty': 'elasticnet', 'solver': 'newton-cholesky'}",,,,,,,,1
0.0005171298980712891,9.810233584300236e-05,0.0,0.0,1291.5496650148827,100,-1,elasticnet,liblinear,"{'C': np.float64(1291.5496650148827), 'max_iter': 100, 'n_jobs': -1, 'penalty': 'elasticnet', 'solver': 'liblinear'}",,,,,,,,1
0.0004948139190673828,4.702533144677205e-05,0.0,0.0,1291.5496650148827,100,-1,elasticnet,sag,"{'C': np.float64(1291.5496650148827), 'max_iter': 100, 'n_jobs': -1, 'penalty': 'elasticnet', 'solver': 'sag'}",,,,,,,,1
0.0006343841552734375,0.00013766937022575263,0.0,0.0,1291.5496650148827,100,-1,elasticnet,saga,"{'C': np.float64(1291.5496650148827), 'max_iter': 100, 'n_jobs': -1, 'penalty': 'elasticnet', 'solver': 'saga'}",,,,,,,,1
0.04396243095397949,0.01579967490128558,0.010645151138305664,0.013247908201226535,1291.5496650148827,200,-1,l2,lbfgs,"{'C': np.float64(1291.5496650148827), 'max_iter': 200, 'n_jobs': -1, 'penalty': 'l2', 'solver': 'lbfgs'}",,,,,,,,1
0.059923553466796876,0.01773395145495955,0.005190229415893555,0.0008208444089885337,1291.5496650148827,200,-1,l2,newton-cg,"{'C': np.float64(1291.5496650148827), 'max_iter': 200, 'n_jobs': -1, 'penalty': 'l2', 'solver': 'newton-cg'}",,,,,,,,1
0.038765907287597656,0.018309202824750643,0.00655055046081543,0.004214231345482316,1291.5496650148827,200,-1,l2,newton-cholesky,"{'C': np.float64(1291.5496650148827), 'max_iter': 200, 'n_jobs': -1, 'penalty': 'l2', 'solver': 'newton-cholesky'}",,,,,,,,1
0.015536832809448241,0.006329744371711986,0.011091232299804688,0.011080109504090307,1291.5496650148827,200,-1,l2,liblinear,"{'C': np.float64(1291.5496650148827), 'max_iter': 200, 'n_jobs': -1, 'penalty': 'l2', 'solver': 'liblinear'}",,,,,,,,1
0.07591290473937988,0.01175067452577472,0.004803085327148437,0.0027525980928505057,1291.5496650148827,200,-1,l2,sag,"{'C': np.float64(1291.5496650148827), 'max_iter': 200, 'n_jobs': -1, 'penalty': 'l2', 'solver': 'sag'}",,,,,,,,1
0.07242331504821778,0.013837132005445134,0.005614471435546875,0.0024741548285682133,1291.5496650148827,200,-1,l2,saga,"{'C': np.float64(1291.5496650148827), 'max_iter': 200, 'n_jobs': -1, 'penalty': 'l2', 'solver': 'saga'}",,,,,,,,1
0.0005719184875488282,5.936161084599322e-05,0.0,0.0,1291.5496650148827,200,-1,elasticnet,lbfgs,"{'C': np.float64(1291.5496650148827), 'max_iter': 200, 'n_jobs': -1, 'penalty': 'elasticnet', 'solver': 'lbfgs'}",,,,,,,,1
0.0009490013122558594,0.0008359686193382904,0.0,0.0,1291.5496650148827,200,-1,elasticnet,newton-cg,"{'C': np.float64(1291.5496650148827), 'max_iter': 200, 'n_jobs': -1, 'penalty': 'elasticnet', 'solver': 'newton-cg'}",,,,,,,,1
0.0005276203155517578,8.818999790287197e-05,0.0,0.0,1291.5496650148827,200,-1,elasticnet,newton-cholesky,"{'C': np.float64(1291.5496650148827), 'max_iter': 200, 'n_jobs': -1, 'penalty': 'elasticnet', 'solver': 'newton-cholesky'}",,,,,,,,1
0.0005222797393798828,5.845362328725746e-05,0.0,0.0,1291.5496650148827,200,-1,elasticnet,liblinear,"{'C': np.float64(1291.5496650148827), 'max_iter': 200, 'n_jobs': -1, 'penalty': 'elasticnet', 'solver': 'liblinear'}",,,,,,,,1
0.0007109165191650391,0.00013381748200536742,0.0,0.0,1291.5496650148827,200,-1,elasticnet,sag,"{'C': np.float64(1291.5496650148827), 'max_iter': 200, 'n_jobs': -1, 'penalty': 'elasticnet', 'solver': 'sag'}",,,,,,,,1
0.0034986019134521486,0.005313529165528207,0.0,0.0,1291.5496650148827,200,-1,elasticnet,saga,"{'C': np.float64(1291.5496650148827), 'max_iter': 200, 'n_jobs': -1, 'penalty': 'elasticnet', 'solver': 'saga'}",,,,,,,,1
0.03868112564086914,0.013913265816707314,0.003685140609741211,0.0004462978671571477,1291.5496650148827,300,-1,l2,lbfgs,"{'C': np.float64(1291.5496650148827), 'max_iter': 300, 'n_jobs': -1, 'penalty': 'l2', 'solver': 'lbfgs'}",,,,,,,,1
0.060503911972045896,0.016355096206514756,0.004255819320678711,0.00030916322482832604,1291.5496650148827,300,-1,l2,newton-cg,"{'C': np.float64(1291.5496650148827), 'max_iter': 300, 'n_jobs': -1, 'penalty': 'l2', 'solver': 'newton-cg'}",,,,,,,,1
0.028458452224731444,0.010077744858793923,0.005861425399780273,0.0027450368370908105,1291.5496650148827,300,-1,l2,newton-cholesky,"{'C': np.float64(1291.5496650148827), 'max_iter': 300, 'n_jobs': -1, 'penalty': 'l2', 'solver': 'newton-cholesky'}",,,,,,,,1
0.012081289291381836,0.004777210170787395,0.003703403472900391,0.0005472267948995945,1291.5496650148827,300,-1,l2,liblinear,"{'C': np.float64(1291.5496650148827), 'max_iter': 300, 'n_jobs': -1, 'penalty': 'l2', 'solver': 'liblinear'}",,,,,,,,1
0.10248818397521972,0.03526037186075757,0.0062886238098144535,0.004519382643832805,1291.5496650148827,300,-1,l2,sag,"{'C': np.float64(1291.5496650148827), 'max_iter': 300, 'n_jobs': -1, 'penalty': 'l2', 'solver': 'sag'}",,,,,,,,1
0.12082314491271973,0.028395354413900124,0.003997516632080078,0.00046254957795088646,1291.5496650148827,300,-1,l2,saga,"{'C': np.float64(1291.5496650148827), 'max_iter': 300, 'n_jobs': -1, 'penalty': 'l2', 'solver': 'saga'}",,,,,,,,1
0.00048189163208007814,6.978987083632967e-05,0.0,0.0,1291.5496650148827,300,-1,elasticnet,lbfgs,"{'C': np.float64(1291.5496650148827), 'max_iter': 300, 'n_jobs': -1, 'penalty': 'elasticnet', 'solver': 'lbfgs'}",,,,,,,,1
0.0005315780639648437,8.318186076202865e-05,0.0,0.0,1291.5496650148827,300,-1,elasticnet,newton-cg,"{'C': np.float64(1291.5496650148827), 'max_iter': 300, 'n_jobs': -1, 'penalty': 'elasticnet', 'solver': 'newton-cg'}",,,,,,,,1
0.0005264759063720703,9.951745714309564e-05,0.0,0.0,1291.5496650148827,300,-1,elasticnet,newton-cholesky,"{'C': np.float64(1291.5496650148827), 'max_iter': 300, 'n_jobs': -1, 'penalty': 'elasticnet', 'solver': 'newton-cholesky'}",,,,,,,,1
0.0005540847778320312,6.199103131422443e-05,0.0,0.0,1291.5496650148827,300,-1,elasticnet,liblinear,"{'C': np.float64(1291.5496650148827), 'max_iter': 300, 'n_jobs': -1, 'penalty': 'elasticnet', 'solver': 'liblinear'}",,,,,,,,1
0.0005228996276855468,8.778912673882539e-05,0.0,0.0,1291.5496650148827,300,-1,elasticnet,sag,"{'C': np.float64(1291.5496650148827), 'max_iter': 300, 'n_jobs': -1, 'penalty': 'elasticnet', 'solver': 'sag'}",,,,,,,,1
0.0027557373046875,0.0039090735952991736,0.0,0.0,1291.5496650148827,300,-1,elasticnet,saga,"{'C': np.float64(1291.5496650148827), 'max_iter': 300, 'n_jobs': -1, 'penalty': 'elasticnet', 'solver': 'saga'}",,,,,,,,1
0.06002440452575684,0.03041675541757411,0.0036696910858154295,0.0008361516039127938,10000.0,100,-1,l2,lbfgs,"{'C': np.float64(10000.0), 'max_iter': 100, 'n_jobs': -1, 'penalty': 'l2', 'solver': 'lbfgs'}",,,,,,,,1
0.07038960456848145,0.01554118741598889,0.006822967529296875,0.003711232282522285,10000.0,100,-1,l2,newton-cg,"{'C': np.float64(10000.0), 'max_iter': 100, 'n_jobs': -1, 'penalty': 'l2', 'solver': 'newton-cg'}",,,,,,,,1
0.018101978302001952,0.0012873365501667544,0.007914590835571288,0.0093778793600244,10000.0,100,-1,l2,newton-cholesky,"{'C': np.float64(10000.0), 'max_iter': 100, 'n_jobs': -1, 'penalty': 'l2', 'solver': 'newton-cholesky'}",,,,,,,,1
0.009722232818603516,0.002453390825927028,0.0032684326171875,0.00020488463660779687,10000.0,100,-1,l2,liblinear,"{'C': np.float64(10000.0), 'max_iter': 100, 'n_jobs': -1, 'penalty': 'l2', 'solver': 'liblinear'}",,,,,,,,1
0.026732587814331056,0.0011617688900930603,0.0034850120544433595,0.0004605254269685751,10000.0,100,-1,l2,sag,"{'C': np.float64(10000.0), 'max_iter': 100, 'n_jobs': -1, 'penalty': 'l2', 'solver': 'sag'}",,,,,,,,1
0.0398374080657959,0.01384258673628756,0.004145240783691407,0.0017393355135701181,10000.0,100,-1,l2,saga,"{'C': np.float64(10000.0), 'max_iter': 100, 'n_jobs': -1, 'penalty': 'l2', 'solver': 'saga'}",,,,,,,,1
0.0029038429260253907,0.004160661641875809,0.0,0.0,10000.0,100,-1,elasticnet,lbfgs,"{'C': np.float64(10000.0), 'max_iter': 100, 'n_jobs': -1, 'penalty': 'elasticnet', 'solver': 'lbfgs'}",,,,,,,,1
0.0006213188171386719,0.00014823754484488184,0.0,0.0,10000.0,100,-1,elasticnet,newton-cg,"{'C': np.float64(10000.0), 'max_iter': 100, 'n_jobs': -1, 'penalty': 'elasticnet', 'solver': 'newton-cg'}",,,,,,,,1
0.009826993942260743,0.018580522762197786,0.0,0.0,10000.0,100,-1,elasticnet,newton-cholesky,"{'C': np.float64(10000.0), 'max_iter': 100, 'n_jobs': -1, 'penalty': 'elasticnet', 'solver': 'newton-cholesky'}",,,,,,,,1
0.0005527973175048828,9.484608723042543e-05,0.0,0.0,10000.0,100,-1,elasticnet,liblinear,"{'C': np.float64(10000.0), 'max_iter': 100, 'n_jobs': -1, 'penalty': 'elasticnet', 'solver': 'liblinear'}",,,,,,,,1
0.002263784408569336,0.00244219596298287,0.0,0.0,10000.0,100,-1,elasticnet,sag,"{'C': np.float64(10000.0), 'max_iter': 100, 'n_jobs': -1, 'penalty': 'elasticnet', 'solver': 'sag'}",,,,,,,,1
0.0011013031005859375,0.0012860411080192426,0.0,0.0,10000.0,100,-1,elasticnet,saga,"{'C': np.float64(10000.0), 'max_iter': 100, 'n_jobs': -1, 'penalty': 'elasticnet', 'solver': 'saga'}",,,,,,,,1
0.04764580726623535,0.01859231964172115,0.0039885520935058595,0.0005082622099129246,10000.0,200,-1,l2,lbfgs,"{'C': np.float64(10000.0), 'max_iter': 200, 'n_jobs': -1, 'penalty': 'l2', 'solver': 'lbfgs'}",,,,,,,,1
0.06682791709899902,0.04740883714629742,0.004179811477661133,0.0012351649840315706,10000.0,200,-1,l2,newton-cg,"{'C': np.float64(10000.0), 'max_iter': 200, 'n_jobs': -1, 'penalty': 'l2', 'solver': 'newton-cg'}",,,,,,,,1
0.016294384002685548,0.0004081821496240285,0.0034168243408203127,0.0001927622926016452,10000.0,200,-1,l2,newton-cholesky,"{'C': np.float64(10000.0), 'max_iter': 200, 'n_jobs': -1, 'penalty': 'l2', 'solver': 'newton-cholesky'}",,,,,,,,1
0.007129669189453125,0.0009140630774516539,0.0026363849639892576,0.0003860434701123904,10000.0,200,-1,l2,liblinear,"{'C': np.float64(10000.0), 'max_iter': 200, 'n_jobs': -1, 'penalty': 'l2', 'solver': 'liblinear'}",,,,,,,,1
0.039362096786499025,0.0014320410228325562,0.002544593811035156,0.00023212780593298647,10000.0,200,-1,l2,sag,"{'C': np.float64(10000.0), 'max_iter': 200, 'n_jobs': -1, 'penalty': 'l2', 'solver': 'sag'}",,,,,,,,1
0.039163398742675784,0.001078290290330972,0.002218341827392578,6.369901955923368e-05,10000.0,200,-1,l2,saga,"{'C': np.float64(10000.0), 'max_iter': 200, 'n_jobs': -1, 'penalty': 'l2', 'solver': 'saga'}",,,,,,,,1
0.0005623817443847657,0.00025408926486623754,0.0,0.0,10000.0,200,-1,elasticnet,lbfgs,"{'C': np.float64(10000.0), 'max_iter': 200, 'n_jobs': -1, 'penalty': 'elasticnet', 'solver': 'lbfgs'}",,,,,,,,1
0.00045504570007324217,6.490340546165175e-05,0.0,0.0,10000.0,200,-1,elasticnet,newton-cg,"{'C': np.float64(10000.0), 'max_iter': 200, 'n_jobs': -1, 'penalty': 'elasticnet', 'solver': 'newton-cg'}",,,,,,,,1
0.0007636070251464844,0.0003344238997950305,0.0,0.0,10000.0,200,-1,elasticnet,newton-cholesky,"{'C': np.float64(10000.0), 'max_iter': 200, 'n_jobs': -1, 'penalty': 'elasticnet', 'solver': 'newton-cholesky'}",,,,,,,,1
0.0005333423614501953,8.708853393122263e-05,0.0,0.0,10000.0,200,-1,elasticnet,liblinear,"{'C': np.float64(10000.0), 'max_iter': 200, 'n_jobs': -1, 'penalty': 'elasticnet', 'solver': 'liblinear'}",,,,,,,,1
0.0004509925842285156,3.46292131979364e-05,0.0,0.0,10000.0,200,-1,elasticnet,sag,"{'C': np.float64(10000.0), 'max_iter': 200, 'n_jobs': -1, 'penalty': 'elasticnet', 'solver': 'sag'}",,,,,,,,1
0.0005366325378417969,9.231047674793145e-05,0.0,0.0,10000.0,200,-1,elasticnet,saga,"{'C': np.float64(10000.0), 'max_iter': 200, 'n_jobs': -1, 'penalty': 'elasticnet', 'solver': 'saga'}",,,,,,,,1
0.061191749572753903,0.016266445908359562,0.007865428924560547,0.006712169779775821,10000.0,300,-1,l2,lbfgs,"{'C': np.float64(10000.0), 'max_iter': 300, 'n_jobs': -1, 'penalty': 'l2', 'solver': 'lbfgs'}",,,,,,,,1
0.0458221435546875,0.011563540688224797,0.003417301177978516,0.00014349989441912858,10000.0,300,-1,l2,newton-cg,"{'C': np.float64(10000.0), 'max_iter': 300, 'n_jobs': -1, 'penalty': 'l2', 'solver': 'newton-cg'}",,,,,,,,1
0.016331005096435546,0.0007093122608490559,0.0033438682556152345,0.0006051807004678508,10000.0,300,-1,l2,newton-cholesky,"{'C': np.float64(10000.0), 'max_iter': 300, 'n_jobs': -1, 'penalty': 'l2', 'solver': 'newton-cholesky'}",,,,,,,,1
0.006453752517700195,0.00043910341392385715,0.0024609088897705076,0.000189087272440378,10000.0,300,-1,l2,liblinear,"{'C': np.float64(10000.0), 'max_iter': 300, 'n_jobs': -1, 'penalty': 'l2', 'solver': 'liblinear'}",,,,,,,,1
0.050977659225463864,0.0007713100437831344,0.002484750747680664,0.00020648521256316999,10000.0,300,-1,l2,sag,"{'C': np.float64(10000.0), 'max_iter': 300, 'n_jobs': -1, 'penalty': 'l2', 'solver': 'sag'}",,,,,,,,1
0.0515932559967041,0.0008894204169875239,0.0019787311553955077,0.0001454727406155991,10000.0,300,-1,l2,saga,"{'C': np.float64(10000.0), 'max_iter': 300, 'n_jobs': -1, 'penalty': 'l2', 'solver': 'saga'}",,,,,,,,1
0.0003208637237548828,4.264678636720341e-05,0.0,0.0,10000.0,300,-1,elasticnet,lbfgs,"{'C': np.float64(10000.0), 'max_iter': 300, 'n_jobs': -1, 'penalty': 'elasticnet', 'solver': 'lbfgs'}",,,,,,,,1
0.0006122112274169922,0.00017735716922862203,0.0,0.0,10000.0,300,-1,elasticnet,newton-cg,"{'C': np.float64(10000.0), 'max_iter': 300, 'n_jobs': -1, 'penalty': 'elasticnet', 'solver': 'newton-cg'}",,,,,,,,1
0.0020979881286621095,0.0027166082266150294,0.0,0.0,10000.0,300,-1,elasticnet,newton-cholesky,"{'C': np.float64(10000.0), 'max_iter': 300, 'n_jobs': -1, 'penalty': 'elasticnet', 'solver': 'newton-cholesky'}",,,,,,,,1
0.0008909225463867188,0.0003958714436213366,0.0,0.0,10000.0,300,-1,elasticnet,liblinear,"{'C': np.float64(10000.0), 'max_iter': 300, 'n_jobs': -1, 'penalty': 'elasticnet', 'solver': 'liblinear'}",,,,,,,,1
0.0005589485168457031,8.813926962323108e-05,0.0,0.0,10000.0,300,-1,elasticnet,sag,"{'C': np.float64(10000.0), 'max_iter': 300, 'n_jobs': -1, 'penalty': 'elasticnet', 'solver': 'sag'}",,,,,,,,1
0.0006929397583007813,0.00012839052779444604,0.0,0.0,10000.0,300,-1,elasticnet,saga,"{'C': np.float64(10000.0), 'max_iter': 300, 'n_jobs': -1, 'penalty': 'elasticnet', 'solver': 'saga'}",,,,,,,,1
